シフト,,委員長,副委員長,総務局,,,,,,,,,,,,,,,,,,,,,,,,,,,企画局,,,,,,,,,,,,,,,,,,,,財務局,,,,,,,,,,,,,,,,,渉外局,,,,,,,,,,,,,,,,,,,,,,,,,,制作局,,,,,,,,,,,情報局,,,,,,,,,,,,,,,,,,,,,カウンター,,,,,,,,,,,,,,,,,,,,,,,,,
,,執行部,執行部,局長,参加団体部門,参加団体部門,参加団体部門,参加団体部門,参加団体部門,物品管理部門,物品管理部門,物品管理部門,物品管理部門,物品管理部門,物品管理部門,物品管理部門,会場電力部門,会場電力部門,会場電力部門,会場電力部門,会場電力部門,国際交流部門,国際交流部門,国際交流部門,国際交流部門,衛生管理部門,衛生管理部門,衛生管理部門,衛生管理部門,衛生管理部門,局長,,,,,,,,,,,,,,,,,,,,局長,局長補佐,局長補佐,局長補佐,局長補佐,局長補佐,局長補佐,ご飯部門長,ご飯部門,ご飯部門,ご飯部門,ご飯部門,非営利団体部門長,非営利団体部門,非営利団体部門,非営利団体部門,非営利団体部門,局長,ゲスト(外部講師)部門,ゲスト(外部講師)部門,ゲスト(外部講師)部門,ゲスト(外部講師)部門,ゲスト(外部講師)部門,ゲスト(外部講師)部門,フリマ部門,フリマ部門,フリマ部門,企業協賛部門,企業協賛部門,企業協賛部門,企業協賛部門,演舞誘致部門,広報部門,広報部門,広報部門,広報部門,広報部門,地域他大学部門,地域他大学部門,地域他大学部門,地域他大学部門,地域他大学部門,地域他大学部門,局長,総務部門長,企画部門長,渉外部門長,,,,,,,,局長,,,,,,,,,,,,,,,,,,,,,,,,,,,,,,,,,,,,,,,,,,,,,,
,,B4,B4,B4,M2,B4,B2,B1,B1,M2,M1,B2,B4,B3,B3,B1,M2,M1,B4,B3,B1,M2,M1,B4,B1,M2,M2,M2,B4,B1,B4,M2,M1,M1,B4,B4,B4,B4,B3,B3,B3,B3,B3,B3,B3,B2,B2,B1,B1,B1,B4,M2,M1,B4,B3,B3,B3,B4,M1,B4,B4,B3,B4,M1,B4,B4,B1,B4,M2,M1,M1,B4,B3,B1,M2,M2,B3,M1,B4,B4,B3,B3,M1,M1,B3,B3,B2,M2,M2,M1,M1,B3,B1,B4,B4,B4,B2,M2,M2,M1,B2,B2,B1,B1,M1,M2,M2,M2,M2,M2,M2,M1,M1,M1,B4,B3,B3,B3,B3,B3,B3,B3,B2,B1,,２人,２人,６人,２人,２人,２人,６人,２人,２人,1人,２人,２人,２人,１１人,3人,2人,４人,2人,２人,２人,2人,1人,１人,7人,min10人,
開始時間,終了時間,中井温人,小林諒大,市原稜大,房田翔太郎,徳力雅也,前川朔輝,新井夢叶,米井日菜乃,政木架,伊藤大登,鈴木翔,善場敦史,柏葉勇太,秋山祐輝,荒木大洋,遠藤美奈,山口亮,小黒柊真,山崎修平,竹内友梧,齋藤璃空,外山李陽,小林優希,川岸夕綺乃,杉本真実,竹内千尋,平野瞭,人見淳司,高野萌々香,野上真,石塚祈美,氏家諒介,根來 良如,安達健悟,小河原悠介,阿蘇品菜穂,板谷梨世,伊藤瑞季,德岡青樹,佐藤直哉,植野友喜,黒木康士朗,石原直弥,阿部聖大,熊澤智輝,稲葉楓果,酒井優,川端睦希,井上翔一,齋藤博起,佐藤悠,田中日菜,岡朋樹,鎌田陽介,落合崇人,石田健,阿部竜大,久保田礼花,東萌々香,早田和義,宮本和,岡田啓汰,小林穂乃香,三膳和馬,塩原大登,藤岡貫叶,長島大晟,田中幹二,岡本忠次,熊谷優希,吉川直樹,阿部悌也,澤田諒太郎,林智英,尾田陽哉,大谷捷人,片寄広夢,山田航平,米富律騎,山崎遼太,橘弥志,辻本直也,山川まいあ,福士舜介,窪坂駿吾,山崎海輝,小熊啓太,有馬卓良,元矢和伸,水畑勇輝,片岡慶人,沢口一稀,吉川大介,千葉史瑛,西村碧唯,小武壮太,宇野祥平,岡田瞬,駒津広和,榑林丈,司東来珠,戸川元気,松浦朱里,藤崎竜成,水上椋介,大場雅士,佐々木大毅,真下稔央,青木みおん,外川佑樹,百々優志郎,安田巴,大浦翼,鵜澤匠宏,廣池祥吾,二川倫,原田典,前田文平,市之瀬拓実,今井俊希,佐藤昌信,五十嵐和亜,花田光,,カメラ,ドキュメンタリー撮影,検温所対応 講義棟1F,検温所対応 講義棟2F,検温所対応 マルチメディア,検温所対応 新講義棟1F,検温所対応 体育館,巡回1,巡回2,会場アナウンス,D講義室待機,売店のチェック,ゴミ集積場管理(講義棟),検温所テント立ち上げ,ゴミ収集,抽選会受付,抽選会整列管理,抽選会呼びかけ,ポーカー受付,ゲーム受付,麻雀受付(104),麻雀受付(105),カラオケ受付,音響機材の片付け手伝い,F講待機,休憩
6:00,6:30,執行部MT,執行部MT,執行部MT,開錠,開錠,,開錠,,,,,,,,,,,,,,,,,,開錠,,,,,,,,,,,,,,,,,,,,,,,,,執行部MT,,ご飯準備・管理・片付け 朝ごはん,ご飯準備・管理・片付け 朝ごはん,ご飯準備・管理・片付け 朝ごはん,ご飯準備・管理・片付け 朝ごはん,ご飯準備・管理・片付け 朝ごはん,ご飯準備・管理・片付け 朝ごはん,  ,ご飯準備・管理・片付け 朝ごはん, ,ご飯準備・管理・片付け 朝ごはん,ご飯準備・管理・片付け 朝ごはん,  ,ご飯準備・管理・片付け 朝ごはん,ご飯準備・管理・片付け 朝ごはん,,執行部MT,,,,,,,,,,,,,,,,,,,,,,,,,,執行部MT,,,,,,,,,,,執行部MT,,,,,,,,,,,,,,,,,,,,,,,,,,,,,,,,,,,,,,,,,,,,,,
6:30,7:00,執行部MT,執行部MT,執行部MT,開錠,開錠,,開錠,,,,,,,,,,,,,,,,,,開錠,,,,,,,,,,,,,,,,,,,,,,,,,執行部MT,,ご飯準備・管理・片付け 朝ごはん,ご飯準備・管理・片付け 朝ごはん,ご飯準備・管理・片付け 朝ごはん,ご飯準備・管理・片付け 朝ごはん,ご飯準備・管理・片付け 朝ごはん,ご飯準備・管理・片付け 朝ごはん,  ,ご飯準備・管理・片付け 朝ごはん, ,ご飯準備・管理・片付け 朝ごはん,ご飯準備・管理・片付け 朝ごはん,  ,ご飯準備・管理・片付け 朝ごはん,ご飯準備・管理・片付け 朝ごはん,,執行部MT,,,,,,,,,,,,,,,,,,,,,,,,,,執行部MT,,,,,,,,,,,執行部MT,,,,,,,,,,,,,,,,,,,,,,,,,,,,,,,,,,,,,,,,,,,,,,
7:00,7:30,朝食,朝食,朝食,朝食,朝食,,朝食,,朝食,朝食,朝食,朝食,,朝食,朝食,,,朝食,朝食,朝食,,朝食,朝食,朝食,朝食,朝食,朝食,朝食,,朝食,,朝食,,朝食,朝食,朝食,朝食,,朝食,朝食,朝食,朝食,朝食,,朝食,,朝食,朝食,朝食,朝食,,ご飯準備・管理・片付け 朝ごはん,ご飯準備・管理・片付け 朝ごはん,ご飯準備・管理・片付け 朝ごはん,ご飯準備・管理・片付け 朝ごはん,ご飯準備・管理・片付け 朝ごはん,ご飯準備・管理・片付け 朝ごはん,  ,ご飯準備・管理・片付け 朝ごはん, ,ご飯準備・管理・片付け 朝ごはん,ご飯準備・管理・片付け 朝ごはん,  ,ご飯準備・管理・片付け 朝ごはん,ご飯準備・管理・片付け 朝ごはん,,朝食,,朝食,朝食,朝食,朝食,朝食,朝食,,,朝食,朝食,,朝食,朝食,朝食,朝食,朝食,朝食,朝食,,朝食,,朝食,,朝食,朝食,朝食,朝食,朝食,朝食,,朝食,朝食,朝食,朝食,朝食,朝食,朝食,朝食,朝食,朝食,,,朝食,朝食,朝食,朝食,朝食,朝食,朝食,,朝食,朝食,朝食,朝食,朝食,,0,0,0,0,0,0,0,0,0,0,0,0,0,0,0,0,0,0,0,0,0,0,0,0,0,0
7:30,8:00,MT,MT,MT,MT,MT,,MT,,MT,MT,MT,MT,,MT,MT,,,MT,MT,MT,,MT,MT,MT,MT,MT,MT,MT,,MT,,MT,,MT,MT,MT,MT,,MT,MT,MT,MT,MT,,MT,,MT,MT,MT,MT,,MT,MT,MT,MT,MT,MT,  ,MT, ,MT,MT,  ,MT,MT,,MT,,MT,MT,MT,MT,MT,MT,,,MT,MT,,MT,MT,MT,MT,MT,MT,MT,,MT,,MT,,MT,MT,MT,MT,MT,MT,,MT,MT,MT,MT,MT,MT,MT,MT,MT,MT,,,MT,MT,MT,MT,MT,MT,MT,,MT,MT,MT,MT,MT,,0,0,0,0,0,0,0,0,0,0,0,0,0,0,0,0,0,0,0,0,0,0,0,0,0,0
8:00,8:30,本部指揮,本部指揮,本部指揮,休憩,休憩,,休憩,,休憩,休憩,F講待機,物品窓口補佐,,カメラ,休憩,,,会場緊急対応,休憩,休憩,,休憩,休憩,休憩,休憩,休憩,休憩,休憩,,F講待機,,休憩,,検温所対応 体育館,検温所対応 講義棟1F,F講待機,検温所対応 講義棟1F,,カメラ,F講待機,検温所対応 講義棟1F,カメラ,検温所対応 体育館,,F講待機,,休憩,F講待機,休憩,休憩,,検温所対応 体育館,検温所テント立ち上げ,F講待機,F講待機,検温所テント立ち上げ,検温所テント立ち上げ,  ,F講待機,F講待機,カメラ,検温所テント立ち上げ,  ,F講待機,検温所テント立ち上げ,,音響業者・外部来場者の臨時対応,,検温所対応 体育館,検温所対応 新講義棟1F,検温所テント立ち上げ,休憩,検温所テント立ち上げ,検温所テント立ち上げ,,,F講待機,検温所対応 新講義棟1F,,検温所テント立ち上げ,検温所テント立ち上げ,検温所対応 体育館,検温所対応 講義棟1F,検温所テント立ち上げ,検温所テント立ち上げ,F講待機,,検温所対応 講義棟1F,,F講待機,,F講待機,F講待機,休憩,F講待機,休憩,F講待機,,休憩,休憩,F講待機,休憩,休憩,F講待機,本部指揮補佐,本部指揮補佐,本部指揮補佐,F講待機,,,休憩,F講待機,検温所対応 講義棟2F,休憩,検温所対応 体育館,検温所対応 講義棟2F,検温所対応 講義棟1F,休憩,休憩,休憩,休憩,F講待機,休憩,,4,0,0,0,0,0,6,0,0,0,0,0,0,12,0,0,0,0,0,0,0,0,0,0,23,32
8:30,9:00,本部指揮,本部指揮,本部指揮,参加団体窓口,参加団体緊急対応,,休憩,,休憩,休憩,F講待機,物品窓口補佐,,カメラ,休憩,,,会場緊急対応,休憩,休憩,,休憩,休憩,休憩,休憩,休憩,休憩,休憩,,F講待機,,休憩,,検温所対応 体育館,検温所対応 講義棟1F,F講待機,検温所対応 講義棟1F,,カメラ,F講待機,検温所対応 講義棟1F,カメラ,検温所対応 体育館,,F講待機,,休憩,F講待機,休憩,休憩,,検温所対応 体育館,休憩,F講待機,F講待機,休憩,休憩,  ,F講待機,F講待機,カメラ,休憩,  ,F講待機,休憩,,音響業者・外部来場者の臨時対応,,検温所対応 体育館,検温所対応 新講義棟1F,F講待機,休憩,休憩,F講待機,,,F講待機,検温所対応 新講義棟1F,,休憩,休憩,検温所対応 体育館,検温所対応 講義棟1F,休憩,休憩,F講待機,,検温所対応 講義棟1F,,F講待機,,F講待機,F講待機,休憩,F講待機,休憩,F講待機,,休憩,休憩,F講待機,休憩,休憩,F講待機,本部指揮補佐,本部指揮補佐,本部指揮補佐,F講待機,,,休憩,F講待機,検温所対応 講義棟2F,休憩,検温所対応 体育館,検温所対応 講義棟2F,検温所対応 講義棟1F,休憩,休憩,休憩,休憩,F講待機,休憩,,4,0,0,0,0,0,6,0,0,0,0,0,0,0,0,0,0,0,0,0,0,0,0,0,25,40
9:00,9:30,本部指揮,本部指揮,本部指揮,開店チェック,参加団体緊急対応,,開店チェック,開店チェック,物品窓口,F講待機,物品窓口,物品窓口補佐,,F講待機,休憩,,,会場緊急対応,開店チェック,開店チェック,,開店チェック(国際),国際対応,開店チェック(国際),開店チェック,開店チェック,開店チェック,衛生対応,開店チェック,休憩,,F講待機,,検温所対応 体育館,検温所対応 講義棟1F,売店のチェック,検温所対応 講義棟1F,,休憩,F講待機,検温所対応 講義棟1F,休憩,カメラ,,休憩,,休憩,カメラ,F講待機,休憩,,検温所対応 体育館,休憩,カメラ,検温所対応 新講義棟1F,F講待機,休憩,  ,検温所対応 講義棟1F,売店のチェック,F講待機,休憩,  ,検温所対応 講義棟1F,休憩,F講待機,音響業者・外部来場者の臨時対応,,検温所対応 体育館,検温所対応 新講義棟1F,F講待機,F講待機,休憩,F講待機,F講待機,,休憩,F講待機,,休憩,休憩,F講待機,F講待機,,休憩,休憩,,F講待機,,検温所対応 講義棟1F,,休憩,会場装飾確認,会場装飾確認,会場装飾確認,検温所対応 講義棟2F,会場装飾確認,,検温所対応 体育館,会場装飾確認,会場装飾確認,会場装飾確認,会場装飾確認,休憩,本部指揮補佐,本部指揮補佐,本部指揮補佐,休憩,,,休憩,検温所対応 体育館,F講待機,検温所対応 体育館,F講待機,検温所対応 講義棟2F,F講待機,カメラ,F講待機,休憩,F講待機,休憩,F講待機,,4,0,0,0,0,0,6,0,0,0,0,2,0,0,0,0,0,0,0,0,0,0,0,0,21,23
9:30,10:00,本部指揮,本部指揮,本部指揮,開店チェック,参加団体緊急対応,,開店チェック,開店チェック,物品窓口,F講待機,物品窓口,物品窓口補佐,,F講待機,休憩,,,会場緊急対応,開店チェック,開店チェック,,開店チェック(国際),国際対応,開店チェック(国際),開店チェック,開店チェック,開店チェック,衛生対応,開店チェック,休憩,,F講待機,,検温所対応 体育館,検温所対応 講義棟1F,売店のチェック,検温所対応 講義棟1F,,休憩,麻雀大会 2日目受付1,検温所対応 講義棟1F,休憩,カメラ,,ゲーム準備,,ゲーム準備,カメラ,F講待機,検温所対応 マルチメディア,,検温所対応 体育館,休憩,カメラ,検温所対応 新講義棟1F,F講待機,休憩,  ,検温所対応 講義棟1F,売店のチェック,F講待機,休憩,  ,検温所対応 講義棟1F,休憩,F講待機,音響業者・外部来場者の臨時対応,,検温所対応 体育館,検温所対応 新講義棟1F,F講待機,F講待機,休憩,F講待機,F講待機,,休憩,F講待機,,,休憩,F講待機,F講待機,,休憩,休憩,,F講待機,,検温所対応 講義棟1F,,休憩,休憩,休憩,休憩,検温所対応 講義棟2F,休憩,,検温所対応 体育館,休憩,休憩,休憩,休憩,休憩,本部指揮補佐,本部指揮補佐,本部指揮補佐,休憩,,,検温所対応 マルチメディア,検温所対応 体育館,F講待機,検温所対応 体育館,F講待機,検温所対応 講義棟2F,F講待機,カメラ,F講待機,休憩,F講待機,休憩,F講待機,,4,0,0,0,0,0,6,0,0,0,0,2,0,0,0,0,0,0,0,0,0,0,0,0,20,26
10:00,10:30,本部指揮,本部指揮,本部指揮,参加団体窓口,参加団体緊急対応,,休憩,参加団体窓口,物品窓口,F講待機,物品窓口,物品窓口補佐,,休憩,麻雀受付(105),,,会場緊急対応,会場緊急対応,休憩,,国際対応,国際対応,国際対応,総務緊急対応,休憩,休憩,衛生対応,衛生対応,休憩,,検温所対応 講義棟1F,,巡回1,F講待機,売店のチェック,F講待機,,検温所対応 講義棟1F,麻雀大会 2日目受付1,F講待機,検温所対応 講義棟1F,F講待機,,ゲーム準備,,ゲーム準備,休憩,カメラ,検温所対応 マルチメディア,,F講待機,F講待機,巡回1,検温所対応 新講義棟1F,カメラ,休憩,  ,検温所対応 講義棟1F,売店のチェック,休憩,休憩,  ,検温所対応 講義棟1F,休憩,休憩,音響業者・外部来場者の臨時対応,,巡回2,F講待機,休憩,麻雀受付(104),休憩,休憩,検温所対応 体育館,,検温所対応 講義棟2F,休憩,,,カメラ,休憩,休憩,,休憩,検温所対応 新講義棟1F,,休憩,,検温所対応 講義棟1F,,麻雀受付(104),休憩,会場アナウンス,休憩,検温所対応 講義棟2F,休憩,,検温所対応 体育館,休憩,休憩,検温所対応 体育館,休憩,実行委員待機場所管理,本部指揮補佐,本部指揮補佐,本部指揮補佐,実行委員待機場所管理,,,検温所対応 マルチメディア,検温所対応 体育館,休憩,検温所対応 体育館,カメラ,F講待機,休憩,D講義室配信対応,D講義室待機,F講待機,休憩,検温所対応 体育館,巡回2,,4,0,0,0,0,0,6,2,2,1,1,2,0,0,0,0,0,0,0,0,2,1,0,0,10,29
10:30,11:00,本部指揮,本部指揮,本部指揮,参加団体窓口,参加団体緊急対応,,休憩,参加団体窓口,物品窓口,F講待機,物品窓口,物品窓口補佐,,休憩,麻雀受付(105),,,会場緊急対応,会場緊急対応,休憩,,国際対応,国際対応,国際対応,総務緊急対応,休憩,休憩,衛生対応,衛生対応,ゲーム運営,,検温所対応 講義棟1F,,巡回1,F講待機,売店のチェック,F講待機,,検温所対応 講義棟1F,麻雀大会 2日目受付1,F講待機,検温所対応 講義棟1F,F講待機,,ゲーム運営,,ゲーム運営,休憩,カメラ,検温所対応 マルチメディア,,F講待機,F講待機,巡回1,検温所対応 新講義棟1F,カメラ,休憩,  ,検温所対応 講義棟1F,売店のチェック,休憩,検温所対応 マルチメディア,  ,検温所対応 講義棟1F,休憩,休憩,音響業者・外部来場者の臨時対応,,巡回2,F講待機,休憩,麻雀受付(104),ストスタ,休憩,検温所対応 体育館,,検温所対応 講義棟2F,休憩,,,カメラ,休憩,休憩,,休憩,検温所対応 新講義棟1F,,休憩,,検温所対応 講義棟1F,,麻雀受付(104),休憩,休憩,ゲーム受付,検温所対応 講義棟2F,休憩,,検温所対応 体育館,休憩,休憩,検温所対応 体育館,ゲーム受付,実行委員待機場所管理,本部指揮補佐,本部指揮補佐,本部指揮補佐,実行委員待機場所管理,,,休憩,検温所対応 体育館,休憩,検温所対応 体育館,カメラ,F講待機,休憩,D講義室配信対応,D講義室待機,F講待機,休憩,検温所対応 体育館,巡回2,,4,0,0,0,0,0,6,2,2,0,1,2,0,0,0,0,0,0,0,2,2,1,0,0,10,26
11:00,11:30,本部指揮,本部指揮,本部指揮,参加団体窓口,参加団体緊急対応,,休憩,参加団体窓口,物品窓口,休憩,物品窓口,物品窓口補佐,,休憩,休憩,,,会場緊急対応,会場緊急対応,休憩,,国際対応,国際対応,国際対応,総務緊急対応,F講待機,休憩,衛生対応,衛生対応,ゲーム運営,,検温所対応 講義棟1F,,休憩,休憩,休憩,休憩,,検温所対応 講義棟1F,麻雀大会 2日目受付1,売店のチェック,検温所対応 講義棟1F,休憩,,ゲーム運営,,ゲーム運営,休憩,巡回1,検温所対応 マルチメディア,,休憩,検温所対応 講義棟2F,検温所対応 体育館,F講待機,検温所対応 講義棟1F,休憩,  ,F講待機,F講待機,休憩,検温所対応 マルチメディア,  ,カメラ,検温所対応 体育館,休憩,音響業者・外部来場者の臨時対応,,巡回2,休憩,休憩,麻雀受付(104),ストスタ,休憩,検温所対応 体育館,,検温所対応 講義棟2F,麻雀受付(105),,,休憩,休憩,休憩,,カメラ,検温所対応 新講義棟1F,,検温所対応 新講義棟1F,,巡回1,,休憩,検温所対応 体育館,会場アナウンス,休憩,休憩,検温所対応 講義棟1F,,カメラ,休憩,麻雀受付(104),検温所対応 体育館,休憩,実行委員待機場所管理,本部指揮補佐,本部指揮補佐,本部指揮補佐,実行委員待機場所管理,,,検温所対応 講義棟1F,休憩,休憩,F講待機,休憩,売店のチェック,休憩,D講義室配信対応,D講義室待機,カメラ,休憩,検温所対応 体育館,巡回2,,4,0,0,0,0,0,6,2,2,1,1,2,0,0,0,0,0,0,0,0,2,1,0,0,5,32
11:30,12:00,休憩,本部指揮,本部指揮,参加団体窓口,参加団体緊急対応,,休憩,,物品窓口,休憩,物品窓口,物品窓口補佐,,休憩,休憩,,,会場緊急対応,会場緊急対応,休憩,,国際対応,国際対応,国際対応,総務緊急対応,F講待機,休憩,衛生対応,衛生対応,ゲーム運営,,検温所対応 講義棟1F,,麻雀受付(104),休憩,休憩,巡回2,,検温所対応 講義棟1F,麻雀大会 2日目受付1,売店のチェック,検温所対応 講義棟1F,休憩,,ゲーム運営,,ゲーム運営,休憩,巡回1,休憩,,休憩,検温所対応 講義棟2F,検温所対応 体育館,F講待機,検温所対応 講義棟1F,弁当受け取り,  ,F講待機,F講待機,弁当受け取り,検温所対応 マルチメディア,  ,カメラ,検温所対応 体育館,巡回2,音響業者・外部来場者の臨時対応,,休憩,休憩,休憩,休憩,ストスタ,休憩,検温所対応 体育館,,検温所対応 講義棟2F,麻雀受付(105),,,休憩,休憩,休憩,,カメラ,検温所対応 新講義棟1F,,検温所対応 新講義棟1F,,巡回1,,休憩,検温所対応 体育館,休憩,休憩,休憩,検温所対応 講義棟1F,,カメラ,休憩,麻雀受付(104),検温所対応 体育館,休憩,実行委員待機場所管理,休憩,本部指揮,本部指揮,実行委員待機場所管理,,,検温所対応 講義棟1F,休憩,休憩,F講待機,休憩,売店のチェック,休憩,D講義室配信対応,D講義室待機,カメラ,休憩,検温所対応 体育館,検温所対応 マルチメディア,,4,0,0,0,0,0,6,2,2,0,1,2,0,0,0,0,0,0,0,0,2,1,0,0,5,33
12:00,12:30,休憩,本部指揮,休憩,休憩,参加団体緊急対応,,参加団体窓口,,休憩,物品窓口,F講待機,物品窓口補佐,,物品窓口,ストスタ,,,会場緊急対応,休憩,会場緊急対応,,国際対応,国際対応,国際対応,総務緊急対応,麻雀受付(105),F講待機,衛生対応,衛生対応,ゲーム運営,,休憩,,麻雀受付(104),休憩,検温所対応 体育館,巡回2,,休憩,麻雀大会 2日目受付1,休憩,休憩,売店のチェック,,ゲーム運営,,ゲーム運営,休憩,休憩,休憩,,検温所対応 講義棟1F,検温所対応 講義棟2F,検温所対応 体育館,巡回1,検温所対応 講義棟1F,ケータリング受け渡し,  ,休憩,休憩,ケータリング受け渡し,検温所対応 マルチメディア,  ,巡回1,検温所対応 体育館,巡回2,音響業者・外部来場者の臨時対応,,休憩,売店のチェック,検温所対応 体育館,休憩,ストスタ,検温所対応 講義棟1F,休憩,,休憩,F講待機,,,衛生対応,検温所対応 新講義棟1F,検温所対応 体育館,休憩,休憩,休憩,,検温所対応 新講義棟1F,,休憩,,カメラ,検温所対応 体育館,休憩,検温所対応 講義棟2F,カメラ,検温所対応 講義棟1F,,休憩,検温所対応 講義棟1F,休憩,カメラ,麻雀受付(104),実行委員待機場所管理,休憩,本部指揮,休憩,実行委員待機場所管理,,,検温所対応 講義棟1F,休憩,カメラ,休憩,休憩,PMC,D講義室配信対応,休憩,休憩,休憩,D講義室待機,休憩,検温所対応 マルチメディア,,4,0,0,0,0,0,6,2,2,0,1,2,0,0,0,0,0,0,0,0,2,1,0,0,3,35
12:30,13:00,本部指揮,休憩,休憩,休憩,参加団体緊急対応,,参加団体窓口,,休憩,物品窓口,F講待機,物品窓口補佐,,物品窓口,ストスタ,,,会場緊急対応,休憩,会場緊急対応,,国際対応,国際対応,国際対応,総務緊急対応,麻雀受付(105),F講待機,衛生対応,衛生対応,ゲーム運営,,休憩,,休憩,巡回2,検温所対応 体育館,休憩,,休憩,休憩,休憩,休憩,売店のチェック,,ゲーム運営,,ゲーム運営,麻雀大会 2日目受付1,休憩,休憩,,検温所対応 講義棟1F,検温所対応 講義棟2F,検温所対応 体育館,巡回1,検温所対応 講義棟1F,休憩,  ,休憩,休憩,休憩,検温所対応 マルチメディア,  ,巡回1,検温所対応 体育館,休憩,音響業者・外部来場者の臨時対応,,休憩,売店のチェック,検温所対応 体育館,休憩,ストスタ,検温所対応 講義棟1F,休憩,,休憩,F講待機,,,衛生対応,検温所対応 新講義棟1F,検温所対応 体育館,休憩,休憩,休憩,,検温所対応 新講義棟1F,,休憩,,カメラ,検温所対応 体育館,休憩,検温所対応 講義棟2F,カメラ,検温所対応 講義棟1F,,休憩,検温所対応 講義棟1F,休憩,カメラ,麻雀受付(104),実行委員待機場所管理,本部指揮,休憩,休憩,実行委員待機場所管理,,,検温所対応 講義棟1F,麻雀受付(104),カメラ,休憩,巡回2,PMC,D講義室配信対応,休憩,休憩,休憩,D講義室待機,休憩,検温所対応 マルチメディア,,4,0,0,0,0,0,6,2,2,0,1,2,0,0,0,0,0,0,0,0,2,1,0,0,3,37
13:00,13:30,本部指揮,休憩,本部指揮,参加団体窓口,参加団体緊急対応,,参加団体窓口,,売店のチェック,物品窓口,F講待機,物品窓口補佐,,物品窓口,カメラ,,,会場緊急対応,麻雀受付(105),会場緊急対応,,国際対応,国際対応,国際対応,総務緊急対応,休憩,売店のチェック,衛生対応,休憩,休憩,,休憩,,休憩,巡回2,検温所対応 体育館,休憩,,F講待機,休憩,休憩,休憩,休憩,,休憩,,休憩,麻雀大会 2日目受付1,検温所対応 講義棟1F,F講待機,,検温所対応 講義棟1F,休憩,休憩,休憩,休憩,休憩,  ,カメラ,カメラ,検温所対応 体育館,休憩,  ,休憩,休憩,休憩,音響業者・外部来場者の臨時対応,,F講待機,F講待機,検温所対応 体育館,検温所対応 講義棟1F,ストスタ,検温所対応 講義棟1F,休憩,,検温所対応 体育館,休憩,,,衛生対応,検温所対応 新講義棟1F,検温所対応 体育館,,検温所対応 講義棟1F,巡回1,,休憩,,,,休憩,休憩,検温所対応 新講義棟1F,検温所対応 講義棟2F,F講待機,休憩,,ポーカー受付,検温所対応 講義棟1F,F講待機,休憩,巡回1,実行委員待機場所管理,本部指揮,休憩,本部指揮,実行委員待機場所管理,,,休憩,麻雀受付(104),麻雀受付(104),ポーカー受付,巡回2,休憩,D講義室配信対応,休憩,カメラ,検温所対応 体育館,D講義室待機,検温所対応 講義棟2F,休憩,,4,0,0,0,0,0,6,2,2,0,1,2,0,0,0,0,0,0,2,0,2,1,0,0,7,33
13:30,14:00,本部指揮,本部指揮,本部指揮,参加団体窓口,参加団体緊急対応,,参加団体窓口,,売店のチェック,物品窓口,F講待機,物品窓口補佐,,物品窓口,カメラ,,,会場緊急対応,麻雀受付(105),会場緊急対応,,国際対応,国際対応,国際対応,総務緊急対応,休憩,売店のチェック,衛生対応,休憩,休憩,,ポーカー大会,,ポーカー大会,休憩,検温所対応 体育館,ポーカー大会,,F講待機,休憩,ポーカー大会,ポーカー大会,ポーカー大会,,休憩,,休憩,麻雀大会 2日目受付1,検温所対応 講義棟1F,F講待機,,検温所対応 講義棟1F,休憩,休憩,休憩,休憩,麻雀受付(104),  ,カメラ,カメラ,検温所対応 体育館,休憩,  ,休憩,休憩,休憩,音響業者・外部来場者の臨時対応,,F講待機,F講待機,検温所対応 体育館,検温所対応 講義棟1F,ストスタ,検温所対応 講義棟1F,巡回2,,検温所対応 体育館,休憩,,,衛生対応,検温所対応 新講義棟1F,検温所対応 体育館,,検温所対応 講義棟1F,巡回1,,休憩,,,,休憩,休憩,検温所対応 新講義棟1F,検温所対応 講義棟2F,F講待機,休憩,,ポーカー受付,検温所対応 講義棟1F,F講待機,休憩,巡回1,実行委員待機場所管理,本部指揮補佐,本部指揮補佐,本部指揮補佐,実行委員待機場所管理,,,休憩,休憩,麻雀受付(104),ポーカー受付,休憩,休憩,D講義室配信対応,巡回2,カメラ,検温所対応 体育館,D講義室待機,検温所対応 講義棟2F,休憩,,4,0,0,0,0,0,6,2,2,0,1,2,0,0,0,0,0,0,2,0,2,1,0,0,7,25
14:00,14:30,本部指揮,本部指揮,本部指揮,参加団体窓口,参加団体緊急対応,,参加団体窓口,,F講待機,物品窓口,F講待機,物品窓口補佐,,物品窓口,休憩,,,会場緊急対応,カメラ,会場緊急対応,,国際対応,国際対応,吹奏楽部,総務緊急対応,F講待機,休憩,衛生対応,衛生対応,カラオケ大会準備＋運営,,ポーカー大会,,ポーカー大会,休憩,カラオケ大会準備＋運営,ポーカー大会,,カラオケ大会準備＋運営,カラオケ大会準備＋運営,ポーカー大会,ポーカー大会,ポーカー大会,,カラオケ大会準備＋運営,,休憩,麻雀大会 2日目受付1,検温所対応 講義棟1F,検温所対応 体育館,,休憩,休憩,休憩,売店のチェック,売店のチェック,麻雀受付(104),  ,休憩,検温所対応 講義棟2F,検温所対応 体育館,検温所対応 講義棟1F,  ,休憩,休憩,休憩,音響業者・外部来場者の臨時対応,,検温所対応 講義棟1F,検温所対応 体育館,カメラ,検温所対応 講義棟1F,ストスタ,F講待機,巡回2,,検温所対応 体育館,カメラ,,,会場緊急対応,F講待機,休憩,,検温所対応 講義棟1F,F講待機,,巡回1,,,,検温所対応 体育館,F講待機,検温所対応 新講義棟1F,休憩,検温所対応 講義棟1F,カメラ,,休憩,休憩,カラオケ受付,麻雀受付(104),F講待機,実行委員待機場所管理,本部指揮補佐,本部指揮補佐,本部指揮補佐,実行委員待機場所管理,,,休憩,検温所対応 新講義棟1F,巡回1,休憩,麻雀受付(105),D講義室配信対応,休憩,巡回2,D講義室待機,検温所対応 体育館,休憩,検温所対応 講義棟2F,F講待機,,4,0,0,0,0,0,6,2,2,0,1,2,0,0,0,0,0,0,0,0,2,1,1,0,8,19
14:30,15:00,本部指揮,本部指揮,本部指揮,参加団体窓口,参加団体緊急対応,,参加団体窓口,,F講待機,休憩,物品窓口,物品窓口補佐,,休憩,物品窓口,,,会場緊急対応,カメラ,会場緊急対応,,国際対応,国際対応,吹奏楽部,総務緊急対応,F講待機,休憩,衛生対応,衛生対応,カラオケ大会準備＋運営,,ポーカー大会,,ポーカー大会,休憩,カラオケ大会準備＋運営,ポーカー大会,,カラオケ大会準備＋運営,カラオケ大会準備＋運営,ポーカー大会,ポーカー大会,ポーカー大会,休憩,カラオケ大会準備＋運営,,休憩,麻雀大会 2日目受付1,検温所対応 講義棟1F,検温所対応 体育館,,休憩,休憩,休憩,売店のチェック,売店のチェック,休憩,  ,巡回2,検温所対応 講義棟2F,検温所対応 体育館,検温所対応 講義棟1F,  ,休憩,休憩,休憩,音響業者・外部来場者の臨時対応,,検温所対応 講義棟1F,検温所対応 体育館,カメラ,検温所対応 講義棟1F,F講待機,F講待機,麻雀受付(104),,検温所対応 体育館,カメラ,,,会場緊急対応,F講待機,休憩,,検温所対応 講義棟1F,F講待機,,巡回1,,,,検温所対応 体育館,F講待機,検温所対応 新講義棟1F,休憩,検温所対応 講義棟1F,カメラ,,休憩,休憩,カラオケ受付,麻雀受付(104),F講待機,実行委員待機場所管理,本部指揮補佐,本部指揮補佐,本部指揮補佐,実行委員待機場所管理,,,休憩,検温所対応 新講義棟1F,巡回1,休憩,麻雀受付(105),D講義室配信対応,巡回2,休憩,D講義室待機,検温所対応 体育館,休憩,検温所対応 講義棟2F,F講待機,,4,0,0,0,0,0,6,2,2,0,1,2,0,0,0,0,0,0,0,0,2,1,1,0,8,21
15:00,15:30,本部指揮,本部指揮,本部指揮,参加団体窓口,参加団体緊急対応,,参加団体窓口,,F講待機,休憩,物品窓口,物品窓口補佐,,休憩,物品窓口,,,会場緊急対応,休憩,会場緊急対応,,国際対応,国際対応,吹奏楽部,総務緊急対応,F講待機,休憩,衛生対応,衛生対応,カラオケ大会準備＋運営,,ポーカー大会,,ポーカー大会,学籍番号抽選会,カラオケ大会準備＋運営,ポーカー大会,,カラオケ大会準備＋運営,カラオケ大会準備＋運営,ポーカー大会,ポーカー大会,ポーカー大会,学籍番号抽選会,カラオケ大会準備＋運営,,学籍番号抽選会,麻雀大会 2日目受付1,学籍番号抽選会,検温所対応 体育館,,F講待機,学籍番号抽選会設営,学籍番号抽選会設営,売店のチェック,売店のチェック,検温所対応 講義棟1F,  ,巡回2,検温所対応 講義棟2F,休憩,検温所対応 講義棟1F,  ,検温所対応 講義棟2F,F講待機,カメラ,音響業者・外部来場者の臨時対応,,検温所対応 講義棟1F,検温所対応 体育館,F講待機,カメラ,F講待機,休憩,麻雀受付(104),,学籍番号抽選会設営,検温所対応 体育館,,,会場緊急対応,学籍番号抽選会設営,巡回1,,学籍番号抽選会設営,検温所対応 体育館,,麻雀受付(104),,,,検温所対応 体育館,検温所対応 講義棟1F,F講待機,F講待機,検温所対応 講義棟1F,検温所対応 体育館,,検温所対応 新講義棟1F,カメラ,カラオケ受付,休憩,カメラ,実行委員待機場所管理,本部指揮補佐,本部指揮補佐,本部指揮補佐,実行委員待機場所管理,,,F講待機,検温所対応 新講義棟1F,休憩,検温所対応 講義棟1F,F講待機,D講義室配信対応,巡回2,休憩,D講義室待機,,巡回1,休憩,麻雀受付(105),,4,0,0,0,0,0,6,2,2,0,1,2,0,0,0,0,0,0,0,0,2,1,1,0,10,10
15:30,16:00,本部指揮,本部指揮,本部指揮,参加団体窓口,参加団体緊急対応,,参加団体窓口,,F講待機,休憩,物品窓口,物品窓口補佐,,休憩,物品窓口,,,会場緊急対応,休憩,会場緊急対応,,国際対応,国際対応,国際対応,総務緊急対応,F講待機,休憩,衛生対応,衛生対応,学籍番号抽選会,,ポーカー大会,,ポーカー大会,学籍番号抽選会,学籍番号抽選会,ポーカー大会,,学籍番号抽選会,学籍番号抽選会,ポーカー大会,ポーカー大会,ポーカー大会,学籍番号抽選会,学籍番号抽選会,,学籍番号抽選会,麻雀大会 2日目受付1,学籍番号抽選会,検温所対応 体育館,,F講待機,学籍番号抽選会設営,学籍番号抽選会設営,売店のチェック,売店のチェック,検温所対応 講義棟1F,  ,巡回2,検温所対応 講義棟2F,休憩,検温所対応 講義棟1F,  ,検温所対応 講義棟2F,F講待機,カメラ,音響業者・外部来場者の臨時対応,,検温所対応 講義棟1F,検温所対応 体育館,F講待機,カメラ,F講待機,休憩,麻雀受付(104),,学籍番号抽選会設営,検温所対応 体育館,,,会場緊急対応,学籍番号抽選会設営,巡回1,,学籍番号抽選会設営,検温所対応 体育館,,麻雀受付(104),,,,検温所対応 体育館,検温所対応 講義棟1F,F講待機,F講待機,検温所対応 講義棟1F,検温所対応 体育館,,検温所対応 新講義棟1F,カメラ,休憩,休憩,カメラ,実行委員待機場所管理,本部指揮補佐,本部指揮補佐,本部指揮補佐,実行委員待機場所管理,,,F講待機,検温所対応 新講義棟1F,休憩,検温所対応 講義棟1F,F講待機,D講義室配信対応,巡回2,休憩,D講義室待機,,巡回1,休憩,麻雀受付(105),,4,0,0,0,0,0,6,2,2,0,1,2,0,0,0,0,0,0,0,0,2,1,0,0,10,11
16:00,16:30,本部指揮,本部指揮,本部指揮,参加団体窓口,参加団体緊急対応,,参加団体窓口,,検温所対応 講義棟1F,F講待機,物品窓口,物品窓口補佐,,検温所対応 新講義棟1F,物品窓口,,,会場緊急対応,閉店チェック,閉店チェック,,閉店チェック(国際),閉店チェック(国際),閉店チェック(国際),閉店チェック,閉店チェック,閉店チェック,衛生対応,閉店チェック,学籍番号抽選会,,ポーカー大会,,ポーカー大会,学籍番号抽選会,学籍番号抽選会,ポーカー大会,,学籍番号抽選会,学籍番号抽選会,ポーカー大会,ポーカー大会,ポーカー大会,学籍番号抽選会,学籍番号抽選会,,学籍番号抽選会,学籍番号抽選会,学籍番号抽選会,休憩,,抽選会呼びかけ,検温所対応 体育館,抽選会整列管理,カメラ,F講待機,検温所対応 講義棟1F,  ,検温所対応 講義棟1F,F講待機,抽選会受付,F講待機,  ,検温所対応 講義棟2F,ゴミ集積場管理(講義棟),検温所対応 体育館,音響業者・外部来場者の臨時対応,,休憩,休憩,検温所対応 講義棟2F,休憩,カメラ,ゴミ集積場管理(講義棟),F講待機,,抽選会整列管理,検温所対応 体育館,,,検温所対応 体育館,抽選会整列管理,抽選会受付,,抽選会整列管理,検温所対応 体育館,,F講待機,,,,F講待機,検温所対応 講義棟1F,休憩,カメラ,抽選会呼びかけ,検温所対応 体育館,,検温所対応 新講義棟1F,F講待機,検温所対応 講義棟1F,F講待機,休憩,実行委員待機場所管理,本部指揮補佐,本部指揮補佐,本部指揮補佐,実行委員待機場所管理,,,学籍番号抽選会,休憩,休憩,検温所対応 講義棟1F,D講義室配信対応,F講待機,カメラ,休憩,休憩,,D講義室待機,休憩,休憩,,4,0,0,0,0,0,6,0,0,0,1,0,2,0,0,2,4,2,0,0,0,0,0,0,10,12
16:30,17:00,本部指揮,本部指揮,本部指揮,参加団体窓口,参加団体緊急対応,,参加団体窓口,,検温所対応 講義棟1F,F講待機,物品窓口,物品窓口補佐,,検温所対応 新講義棟1F,物品窓口,,,会場緊急対応,閉店チェック,閉店チェック,,閉店チェック(国際),閉店チェック(国際),閉店チェック(国際),閉店チェック,閉店チェック,閉店チェック,衛生対応,閉店チェック,学籍番号抽選会,,学籍番号抽選会,,学籍番号抽選会,学籍番号抽選会,学籍番号抽選会,学籍番号抽選会,,学籍番号抽選会,学籍番号抽選会,学籍番号抽選会,学籍番号抽選会,学籍番号抽選会,学籍番号抽選会,学籍番号抽選会,,学籍番号抽選会,学籍番号抽選会,学籍番号抽選会,休憩,,抽選会呼びかけ,検温所対応 体育館,抽選会整列管理,カメラ,F講待機,検温所対応 講義棟1F,  ,検温所対応 講義棟1F,F講待機,抽選会受付,F講待機,  ,検温所対応 講義棟2F,ゴミ集積場管理(講義棟),検温所対応 体育館,音響業者・外部来場者の臨時対応,,休憩,休憩,検温所対応 講義棟2F,休憩,カメラ,ゴミ集積場管理(講義棟),F講待機,,抽選会整列管理,検温所対応 体育館,,,検温所対応 体育館,抽選会整列管理,抽選会受付,,抽選会整列管理,検温所対応 体育館,,F講待機,,,,F講待機,検温所対応 講義棟1F,休憩,カメラ,抽選会呼びかけ,検温所対応 体育館,,検温所対応 新講義棟1F,F講待機,検温所対応 講義棟1F,F講待機,休憩,実行委員待機場所管理,本部指揮補佐,本部指揮補佐,本部指揮補佐,実行委員待機場所管理,,,学籍番号抽選会,休憩,抽選会システム操作,検温所対応 講義棟1F,D講義室配信対応,F講待機,カメラ,抽選会システム操作,休憩,,D講義室待機,休憩,休憩,,4,0,0,0,0,0,6,0,0,0,1,0,2,0,0,2,4,2,0,0,0,0,0,0,10,10
17:00,17:30,本部指揮,本部指揮,本部指揮,参加団体窓口,参加団体緊急対応,,参加団体窓口,,休憩,F講待機,休憩,物品窓口補佐,,F講待機,休憩,,,会場緊急対応,休憩,休憩,,国際対応,国際対応,国際対応,総務緊急対応,休憩,F講待機,衛生対応,衛生対応,学籍番号抽選会,,学籍番号抽選会,,学籍番号抽選会,学籍番号抽選会,学籍番号抽選会,学籍番号抽選会,,学籍番号抽選会,学籍番号抽選会,学籍番号抽選会,学籍番号抽選会,学籍番号抽選会,学籍番号抽選会,学籍番号抽選会,,学籍番号抽選会,学籍番号抽選会,学籍番号抽選会,休憩,,ご飯準備・管理・片付け 夜ごはん,検温所対応 体育館,ご飯準備・管理・片付け 夜ごはん,ご飯準備・管理・片付け 夜ごはん,ご飯準備・管理・片付け 夜ごはん,弁当受け取り,  ,ご飯準備・管理・片付け 夜ごはん,弁当受け取り,弁当受け取り,カメラ,  ,ご飯準備・管理・片付け 夜ごはん,ゴミ集積場管理(講義棟),検温所対応 体育館,音響業者・外部来場者の臨時対応,,F講待機,休憩,休憩,F講待機,休憩,ゴミ集積場管理(講義棟),,,休憩,休憩,,,検温所対応 体育館,休憩,カメラ,休憩,F講待機,休憩,,休憩,,,,休憩,休憩,会場アナウンス,休憩,休憩,F講待機,,F講待機,検温所対応 体育館,休憩,検温所対応 体育館,検温所対応 体育館,実行委員待機場所管理,本部指揮補佐,本部指揮補佐,本部指揮補佐,実行委員待機場所管理,,,学籍番号抽選会,カメラ,抽選会システム操作,休憩,休憩,休憩,F講待機,抽選会システム操作,F講待機,,休憩,休憩,カメラ,,4,0,0,0,0,0,6,0,0,1,0,0,2,0,0,0,0,0,0,0,0,0,0,0,10,26
17:30,18:00,本部指揮,本部指揮,本部指揮,参加団体窓口,参加団体緊急対応,,参加団体窓口,,休憩,F講待機,休憩,物品窓口補佐,,F講待機,休憩,,,会場緊急対応,休憩,休憩,,国際対応,国際対応,国際対応,総務緊急対応,休憩,F講待機,衛生対応,衛生対応,学籍番号抽選会,,学籍番号抽選会,,学籍番号抽選会,学籍番号抽選会,学籍番号抽選会,学籍番号抽選会,,学籍番号抽選会,学籍番号抽選会,学籍番号抽選会,学籍番号抽選会,学籍番号抽選会,学籍番号抽選会,学籍番号抽選会,,学籍番号抽選会,学籍番号抽選会,学籍番号抽選会,休憩,,ご飯準備・管理・片付け 夜ごはん,検温所対応 体育館,ご飯準備・管理・片付け 夜ごはん,ご飯準備・管理・片付け 夜ごはん,ご飯準備・管理・片付け 夜ごはん,ご飯準備・管理・片付け 夜ごはん,  ,ご飯準備・管理・片付け 夜ごはん,ご飯準備・管理・片付け 夜ごはん,ご飯準備・管理・片付け 夜ごはん,カメラ,  ,ご飯準備・管理・片付け 夜ごはん,休憩,検温所対応 体育館,音響業者・外部来場者の臨時対応,,F講待機,休憩,休憩,F講待機,休憩,休憩,,,休憩,休憩,,,検温所対応 体育館,休憩,カメラ,休憩,F講待機,休憩,,休憩,,,,休憩,休憩,休憩,休憩,休憩,F講待機,,F講待機,検温所対応 体育館,休憩,検温所対応 体育館,検温所対応 体育館,実行委員待機場所管理,本部指揮補佐,本部指揮補佐,本部指揮補佐,実行委員待機場所管理,,,学籍番号抽選会,カメラ,抽選会システム操作,休憩,休憩,休憩,F講待機,抽選会システム操作,F講待機,休憩,休憩,休憩,カメラ,,4,0,0,0,0,0,6,0,0,0,0,0,0,0,0,0,0,0,0,0,0,0,0,0,10,30
18:00,18:30,本部指揮,本部指揮,本部指揮,参加団体窓口,参加団体緊急対応,,参加団体窓口,,物品最終確認,物品最終確認,物品最終確認,物品窓口補佐,,物品最終確認,物品最終確認,,,ラミネート回収,ラミネート回収,ラミネート回収,,休憩,休憩,休憩,総務緊急対応,F講待機,休憩,休憩,休憩,学籍番号抽選会,,学籍番号抽選会,,学籍番号抽選会,学籍番号抽選会,学籍番号抽選会,学籍番号抽選会,,学籍番号抽選会,学籍番号抽選会,学籍番号抽選会,学籍番号抽選会,学籍番号抽選会,学籍番号抽選会,学籍番号抽選会,,学籍番号抽選会,学籍番号抽選会,学籍番号抽選会,F講待機,,ご飯準備・管理・片付け 夜ごはん,F講待機,ご飯準備・管理・片付け 夜ごはん,ご飯準備・管理・片付け 夜ごはん,ご飯準備・管理・片付け 夜ごはん,ご飯準備・管理・片付け 夜ごはん,  ,ご飯準備・管理・片付け 夜ごはん,ご飯準備・管理・片付け 夜ごはん,ご飯準備・管理・片付け 夜ごはん,休憩,  ,ご飯準備・管理・片付け 夜ごはん,休憩,F講待機,音響機材の片付け手伝い,,音響機材の片付け手伝い,音響機材の片付け手伝い,音響機材の片付け手伝い,音響機材の片付け手伝い,音響機材の片付け手伝い,音響機材の片付け手伝い,,,音響機材の片付け手伝い,音響機材の片付け手伝い,,,F講待機,音響機材の片付け手伝い,F講待機,休憩,休憩,カメラ,,音響機材の片付け手伝い,,,,休憩,休憩,カメラ,休憩,休憩,F講待機,,F講待機,検温所対応 体育館,休憩,検温所対応 体育館,検温所対応 体育館,休憩,本部指揮補佐,本部指揮補佐,本部指揮補佐,休憩,,,学籍番号抽選会,検温所対応 体育館,抽選会システム操作,F講待機,休憩,カメラ,検温所対応 体育館,抽選会システム操作,休憩,F講待機,カメラ,F講待機,検温所対応 体育館,,4,0,0,0,0,0,6,0,0,0,0,0,0,0,0,0,0,0,0,0,0,0,0,11,11,19
18:30,19:00,本部指揮,本部指揮,本部指揮,参加団体窓口,参加団体緊急対応,,参加団体窓口,,物品最終確認,物品最終確認,物品最終確認,物品窓口補佐,,物品最終確認,物品最終確認,,,ラミネート回収,ラミネート回収,ラミネート回収,,休憩,休憩,休憩,総務緊急対応,F講待機,休憩,休憩,休憩,学籍番号抽選会,,学籍番号抽選会,,学籍番号抽選会,学籍番号抽選会,学籍番号抽選会,学籍番号抽選会,,学籍番号抽選会,学籍番号抽選会,学籍番号抽選会,学籍番号抽選会,学籍番号抽選会,学籍番号抽選会,学籍番号抽選会,,学籍番号抽選会,学籍番号抽選会,学籍番号抽選会,F講待機,,ご飯準備・管理・片付け 夜ごはん,F講待機,ご飯準備・管理・片付け 夜ごはん,ご飯準備・管理・片付け 夜ごはん,ご飯準備・管理・片付け 夜ごはん,ご飯準備・管理・片付け 夜ごはん,  ,ご飯準備・管理・片付け 夜ごはん,ご飯準備・管理・片付け 夜ごはん,ご飯準備・管理・片付け 夜ごはん,休憩,  ,ご飯準備・管理・片付け 夜ごはん,休憩,F講待機,音響機材の片付け手伝い,,音響機材の片付け手伝い,音響機材の片付け手伝い,音響機材の片付け手伝い,音響機材の片付け手伝い,音響機材の片付け手伝い,音響機材の片付け手伝い,,,音響機材の片付け手伝い,音響機材の片付け手伝い,,,F講待機,音響機材の片付け手伝い,F講待機,休憩,休憩,カメラ,,音響機材の片付け手伝い,,,,休憩,会場装飾見回り,カメラ,会場装飾見回り,会場装飾見回り,会場装飾見回り,,会場装飾見回り,検温所対応 体育館,会場装飾見回り,検温所対応 体育館,検温所対応 体育館,休憩,本部指揮補佐,本部指揮補佐,本部指揮補佐,休憩,,,学籍番号抽選会,検温所対応 体育館,抽選会システム操作,F講待機,休憩,カメラ,検温所対応 体育館,抽選会システム操作,休憩,F講待機,カメラ,F講待機,検温所対応 体育館,,4,0,0,0,0,0,6,0,0,0,0,0,0,0,0,0,0,0,0,0,0,0,0,11,9,15
19:00,19:30,本部指揮,本部指揮,本部指揮,夕食,夕食,,夕食,,夕食,夕食,夕食,物品窓口補佐,,夕食,,,,夕食,夕食,夕食,,夕食,夕食,夕食,夕食,夕食,夕食,夕食,夕食,学籍番号抽選会,,学籍番号抽選会,,学籍番号抽選会,学籍番号抽選会,学籍番号抽選会,学籍番号抽選会,,学籍番号抽選会,学籍番号抽選会,学籍番号抽選会,学籍番号抽選会,学籍番号抽選会,学籍番号抽選会,学籍番号抽選会,,学籍番号抽選会,学籍番号抽選会,学籍番号抽選会,夕食,,ご飯準備・管理・片付け 夜ごはん,夕食,ご飯準備・管理・片付け 夜ごはん,ご飯準備・管理・片付け 夜ごはん,ご飯準備・管理・片付け 夜ごはん,ご飯準備・管理・片付け 夜ごはん,  ,ご飯準備・管理・片付け 夜ごはん,ご飯準備・管理・片付け 夜ごはん,ご飯準備・管理・片付け 夜ごはん,夕食,  ,ご飯準備・管理・片付け 夜ごはん,夕食,夕食,音響機材の片付け手伝い,,音響機材の片付け手伝い,音響機材の片付け手伝い,音響機材の片付け手伝い,音響機材の片付け手伝い,音響機材の片付け手伝い,音響機材の片付け手伝い,,,音響機材の片付け手伝い,音響機材の片付け手伝い,,,夕食,音響機材の片付け手伝い,夕食,夕食,夕食,夕食,,音響機材の片付け手伝い,,夕食,,夕食,夕食,夕食,夕食,夕食,夕食,,夕食,夕食,夕食,夕食,夕食,夕食,夕食,夕食,夕食,夕食,,,学籍番号抽選会,夕食,夕食,夕食,夕食,夕食,夕食,夕食,夕食,夕食,夕食,夕食,夕食,,0,0,0,0,0,0,0,0,0,0,0,0,0,0,0,0,0,0,0,0,0,0,0,11,0,0
19:30,20:00,本部指揮,本部指揮,本部指揮,夕食,夕食,,夕食,,夕食,夕食,夕食,物品窓口補佐,,夕食,,,,夕食,夕食,夕食,,夕食,夕食,夕食,夕食,夕食,夕食,夕食,,夕食,,夕食,,夕食,夕食,夕食,夕食,,夕食,夕食,夕食,夕食,夕食,夕食,夕食,,夕食,夕食,夕食,夕食,,ご飯準備・管理・片付け 夜ごはん,夕食,ご飯準備・管理・片付け 夜ごはん,ご飯準備・管理・片付け 夜ごはん,ご飯準備・管理・片付け 夜ごはん,ご飯準備・管理・片付け 夜ごはん,  ,ご飯準備・管理・片付け 夜ごはん,ご飯準備・管理・片付け 夜ごはん,ご飯準備・管理・片付け 夜ごはん,夕食,  ,ご飯準備・管理・片付け 夜ごはん,夕食,,音響機材の片付け手伝い,,音響機材の片付け手伝い,音響機材の片付け手伝い,音響機材の片付け手伝い,音響機材の片付け手伝い,音響機材の片付け手伝い,音響機材の片付け手伝い,,,音響機材の片付け手伝い,音響機材の片付け手伝い,,,夕食,音響機材の片付け手伝い,夕食,夕食,夕食,夕食,,音響機材の片付け手伝い,,夕食,,夕食,夕食,夕食,夕食,夕食,夕食,,夕食,夕食,夕食,夕食,夕食,夕食,夕食,夕食,夕食,夕食,,,夕食,夕食,夕食,夕食,夕食,夕食,夕食,夕食,夕食,夕食,夕食,夕食,夕食,,0,0,0,0,0,0,0,0,0,0,0,0,0,0,0,0,0,0,0,0,0,0,0,11,0,0
20:00,20:30,本部指揮,本部指揮,本部指揮,,,,,,,,,夕食,,,,,,,,,,,,,,,,,,夕食,,夕食,,夕食,夕食,夕食,夕食,,夕食,夕食,夕食,夕食,夕食,夕食,夕食,,夕食,夕食,夕食,,,,,,,,,  ,,,,,  ,,,,夕食,,夕食,夕食,夕食,夕食,夕食,夕食,,,夕食,夕食,,,,夕食,,,,,,夕食,,,,,,,,,,,,,,,,,本部指揮補佐,本部指揮補佐,本部指揮補佐,,,,夕食,ゴミ収集,,,,,ゴミ収集,,,,,,ゴミ収集,,0,0,0,0,0,0,0,0,0,0,0,0,0,0,3,0,0,0,0,0,0,0,0,0,0,0
20:30,21:00,本部指揮,本部指揮,本部指揮,,,,,,,,,夕食,,,,,,,,,,,,,,,,,,,,,,,,,,,,,,,,,,,,,,,,,,,,,,  ,,,,,  ,,,,夕食,,夕食,夕食,夕食,夕食,夕食,夕食,,,夕食,夕食,,,,夕食,,,,,,夕食,,,,,,,,,,,,,,,,,本部指揮補佐,本部指揮補佐,本部指揮補佐,,,,,,,,,,,,,,,,,,0,0,0,0,0,0,0,0,0,0,0,0,0,0,0,0,0,0,0,0,0,0,0,0,0,0
21:00,21:30,本部指揮,本部指揮,本部指揮,,,,,,,,,,,,,,,,,,,,,,,,,,,,,,,,,,,,,,,,,,,,,,,,,,,,,,,  ,,,,,  ,,,,,,,,,,,,,,,,,,,,,,,,,,,,,,,,,,,,,,,,,,本部指揮補佐,本部指揮補佐,本部指揮補佐,,,,,,,,,,,,,,,,,,0,0,0,0,0,0,0,0,0,0,0,0,0,0,0,0,0,0,0,0,0,0,0,0,0,0
21:30,22:00,本部指揮,本部指揮,本部指揮,,,,,,,,,,,,,,,,,,,,,,,,,,,,,,,,,,,,,,,,,,,,,,,,,,,,,,,  ,,,,,  ,,,,,,,,,,,,,,,,,,,,,,,,,,,,,,,,,,,,,,,,,,本部指揮補佐,本部指揮補佐,本部指揮補佐,,,,,,,,,,,,,,,,,,0,0,0,0,0,0,0,0,0,0,0,0,0,0,0,0,0,0,0,0,0,0,0,0,0,0
22:00,22:30,執行部MT,執行部MT,執行部MT,,,,,,,,,,,,,,,,,,,,,,,,,,,執行部MT,,,,,,,,,,,,,,,,,,,,執行部MT,,,,,,,,  ,,,,,  ,,,,執行部MT,,,,,,,,,,,,,,,,,,,,,,,,,,執行部MT,,,,,,,,,,,執行部MT,,,,,,,,,,,,,,,,,,,,,0,0,0,0,0,0,0,0,0,0,0,0,0,0,,0,0,0,0,0,0,0,0,0,0,0
22:30,23:00,執行部MT,執行部MT,執行部MT,,,,,,,,,,,,,,,,,,,,,,,,,,,執行部MT,,,,,,,,,,,,,,,,,,,,執行部MT,,,,,,,,  ,,,,,  ,,,,執行部MT,,,,,,,,,,,,,,,,,,,,,,,,,,執行部MT,,,,,,,,,,,執行部MT,,,,,,,,,,,,,,,,,,,,,0,0,0,0,0,0,0,0,0,0,0,0,0,0,,0,0,0,0,0,0,0,0,0,0,0