シフト,,委員長,副委員長,総務局,,,,,,,,,,,,,,,,,,,,,,,,,,,企画局,,,,,,,,,,,,,,,,,,,,財務局,,,,,,,,,,,,,,,,,渉外局,,,,,,,,,,,,,,,,,,,,,,,,,,制作局,,,,,,,,,,,情報局,,,,,,,,,,,,,,,,,,,,,カウンター,,,,,,,,,,,,,,,,,,,,,,,,
,,執行部,執行部,局長,参加団体部門,参加団体部門,参加団体部門,参加団体部門,参加団体部門,物品管理部門,物品管理部門,物品管理部門,物品管理部門,物品管理部門,物品管理部門,物品管理部門,会場電力部門,会場電力部門,会場電力部門,会場電力部門,会場電力部門,国際交流部門,国際交流部門,国際交流部門,国際交流部門,衛生管理部門,衛生管理部門,衛生管理部門,衛生管理部門,衛生管理部門,局長,,,,,,,,,,,,,,,,,,,,局長,局長補佐,局長補佐,局長補佐,局長補佐,局長補佐,局長補佐,ご飯部門長,ご飯部門,ご飯部門,ご飯部門,ご飯部門,非営利団体部門長,非営利団体部門,非営利団体部門,非営利団体部門,非営利団体部門,局長,ゲスト(外部講師)部門,ゲスト(外部講師)部門,ゲスト(外部講師)部門,ゲスト(外部講師)部門,ゲスト(外部講師)部門,ゲスト(外部講師)部門,フリマ部門,フリマ部門,フリマ部門,企業協賛部門,企業協賛部門,企業協賛部門,企業協賛部門,演舞誘致部門,広報部門,広報部門,広報部門,広報部門,広報部門,地域他大学部門,地域他大学部門,地域他大学部門,地域他大学部門,地域他大学部門,地域他大学部門,局長,総務部門長,企画部門長,渉外部門長,,,,,,,,局長,,,,,,,,,,,,,,,,,,,,,,,,,,,,,,,,,,,,,,,,,,,,,
,,B4,B4,B4,M2,B4,B2,B1,B1,M2,M1,B2,B4,B3,B3,B1,M2,M1,B4,B3,B1,M2,M1,B4,B1,M2,M2,M2,B4,B1,B4,M2,M1,M1,B4,B4,B4,B4,B3,B3,B3,B3,B3,B3,B3,B2,B2,B1,B1,B1,B4,M2,M1,B4,B3,B3,B3,B4,M1,B4,B4,B3,B4,M1,B4,B4,B1,B4,M2,M1,M1,B4,B3,B1,M2,M2,B3,M1,B4,B4,B3,B3,M1,M1,B3,B3,B2,M2,M2,M1,M1,B3,B1,B4,B4,B4,B2,M2,M2,M1,B2,B2,B1,B1,M1,M2,M2,M2,M2,M2,M2,M1,M1,M1,B4,B3,B3,B3,B3,B3,B3,B3,B2,B1,,２人,２人,２人,２人,２人,２人,２人,２人,６人,２人,２人,２人,1人,２人,２人,２人,１１人,2～３人,２人,２人,1人,3人,min10人,,
開始時間,終了時間,中井温人,小林諒大,市原稜大,房田翔太郎,徳力雅也,前川朔輝,新井夢叶,米井日菜乃,政木架,伊藤大登,鈴木翔,善場敦史,柏葉勇太,秋山祐輝,荒木大洋,遠藤美奈,山口亮,小黒柊真,山崎修平,竹内友梧,齋藤璃空,外山李陽,小林優希,川岸夕綺乃,杉本真実,竹内千尋,平野瞭,人見淳司,高野萌々香,野上真,石塚祈美,氏家諒介,根來 良如,安達健悟,小河原悠介,阿蘇品菜穂,板谷梨世,伊藤瑞季,德岡青樹,佐藤直哉,植野友喜,黒木康士朗,石原直弥,阿部聖大,熊澤智輝,稲葉楓果,酒井優,川端睦希,井上翔一,齋藤博起,佐藤悠,田中日菜,岡朋樹,鎌田陽介,落合崇人,石田健,阿部竜大,久保田礼花,東萌々香,早田和義,宮本和,岡田啓汰,小林穂乃香,三膳和馬,塩原大登,藤岡貫叶,長島大晟,田中幹二,岡本忠次,熊谷優希,吉川直樹,阿部悌也,澤田諒太郎,林智英,尾田陽哉,大谷捷人,片寄広夢,山田航平,米富律騎,山崎遼太,橘弥志,辻本直也,山川まいあ,福士舜介,窪坂駿吾,山崎海輝,小熊啓太,有馬卓良,元矢和伸,水畑勇輝,片岡慶人,沢口一稀,吉川大介,千葉史瑛,西村碧唯,小武壮太,宇野祥平,岡田瞬,駒津広和,榑林丈,司東来珠,戸川元気,松浦朱里,藤崎竜成,水上椋介,大場雅士,佐々木大毅,真下稔央,青木みおん,外川佑樹,百々優志郎,安田巴,大浦翼,鵜澤匠宏,廣池祥吾,二川倫,原田典,前田文平,市之瀬拓実,今井俊希,佐藤昌信,五十嵐和亜,花田光,,カメラ,ドキュメンタリー撮影,"検温所対応
講義棟1F","検温所対応
講義棟1F（総研棟側）","検温所対応
講義棟1F（新講義棟側）","検温所対応
講義棟2F","検温所対応
マルチメディア","検温所対応
新講義棟1F",検温所対応 体育館,巡回1,巡回2,Ａ講義室配信対応,会場アナウンス,D講義室放送対応,売店のチェック,ゴミ集積場管理(講義棟),検温所テント立ち上げ,ポーカーディーラー,ポーカー受付,麻雀受付(104),麻雀受付(105),ゴミ収集,F講待機,休憩,
6:00,6:30,執行部MT,執行部MT,執行部MT,開錠,開錠,,開錠,,,,,,,,,,,,,,,,,,開錠,,,,,執行部MT,,,,,,,,,,,,,,,,,,,,執行部MT,,ご飯準備・管理・片付け 朝ごはん,ご飯準備・管理・片付け 朝ごはん,ご飯準備・管理・片付け 朝ごはん,ご飯準備・管理・片付け 朝ごはん,ご飯準備・管理・片付け 朝ごはん,　,ご飯準備・管理・片付け 朝ごはん,ご飯準備・管理・片付け 朝ごはん,,ご飯準備・管理・片付け 朝ごはん,ご飯準備・管理・片付け 朝ごはん,ご飯準備・管理・片付け 朝ごはん,ご飯準備・管理・片付け 朝ごはん,ご飯準備・管理・片付け 朝ごはん,　,執行部MT,,,,,,,,,,,,,,,,,,,,,,,,,,執行部MT,,,,,,,,,,,執行部MT,,,,,,,,,,,,,,,,,,,,,,,,,,,,,,,,,,,,,,,,,,,,,
6:30,7:00,執行部MT,執行部MT,執行部MT,開錠,開錠,,開錠,,,,,,,,,,,,,,,,,,開錠,,,,,執行部MT,,,,,,,,,,,,,,,,,,,,執行部MT,,ご飯準備・管理・片付け 朝ごはん,ご飯準備・管理・片付け 朝ごはん,ご飯準備・管理・片付け 朝ごはん,ご飯準備・管理・片付け 朝ごはん,ご飯準備・管理・片付け 朝ごはん,　,ご飯準備・管理・片付け 朝ごはん,ご飯準備・管理・片付け 朝ごはん,,ご飯準備・管理・片付け 朝ごはん,ご飯準備・管理・片付け 朝ごはん,ご飯準備・管理・片付け 朝ごはん,ご飯準備・管理・片付け 朝ごはん,ご飯準備・管理・片付け 朝ごはん,　,執行部MT,,,,,,,,,,,,,,,,,,,,,,,,,,執行部MT,,,,,,,,,,,執行部MT,,,,,,,,,,,,,,,,,,,,,,,,,,,,,,,,,,,,,,,,,,,,,
7:00,7:30,朝食,朝食,朝食,朝食,朝食,,朝食,,朝食,朝食,朝食,朝食,,朝食,朝食,,,朝食,朝食,朝食,朝食,朝食,朝食,朝食,朝食,朝食,朝食,朝食,,朝食,,朝食,,朝食,朝食,朝食,朝食,,朝食,朝食,朝食,朝食,朝食,朝食,朝食,,朝食,朝食,朝食,朝食,,ご飯準備・管理・片付け 朝ごはん,ご飯準備・管理・片付け 朝ごはん,ご飯準備・管理・片付け 朝ごはん,ご飯準備・管理・片付け 朝ごはん,ご飯準備・管理・片付け 朝ごはん,　,ご飯準備・管理・片付け 朝ごはん,ご飯準備・管理・片付け 朝ごはん,,ご飯準備・管理・片付け 朝ごはん,ご飯準備・管理・片付け 朝ごはん,ご飯準備・管理・片付け 朝ごはん,ご飯準備・管理・片付け 朝ごはん,ご飯準備・管理・片付け 朝ごはん,　,朝食,,朝食,朝食,朝食,,朝食,朝食,,,朝食,朝食,,朝食,朝食,朝食,朝食,朝食,朝食,朝食,,朝食,朝食,朝食,,,朝食,朝食,朝食,朝食,朝食,朝食,朝食,朝食,朝食,朝食,朝食,朝食,朝食,朝食,朝食,朝食,,,朝食,,朝食,朝食,朝食,朝食,朝食,,朝食,朝食,朝食,朝食,朝食,,0,0,0,0,0,0,0,0,0,0,0,0,0,0,0,0,0,0,0,0,0,0,0,0,2
7:30,8:00,MT,MT,MT,MT,MT,,MT,,MT,MT,MT,MT,,MT,MT,,,MT,MT,MT,MT,MT,MT,MT,MT,MT,MT,MT,,MT,,MT,,MT,MT,MT,MT,,MT,MT,MT,MT,MT,MT,MT,,MT,MT,MT,MT,,MT,MT,MT,MT,MT,　,MT,MT,,MT,MT,MT,MT,MT,　,MT,,MT,MT,MT,,MT,MT,,,MT,MT,,MT,MT,MT,MT,MT,MT,MT,,MT,MT,MT,,,MT,MT,MT,MT,MT,MT,MT,MT,MT,MT,MT,MT,MT,MT,MT,MT,,,MT,,MT,MT,MT,MT,MT,,MT,MT,MT,MT,MT,,0,0,0,0,0,0,0,0,0,0,0,0,0,0,0,0,0,0,0,0,0,0,0,0,2
8:00,8:30,本部指揮,本部指揮,本部指揮,参加団体窓口,参加団体緊急対応,,参加団体窓口,,物品窓口,F講待機,休憩,物品緊急対応,,休憩,物品窓口,,,休憩,休憩,休憩,休憩,休憩,休憩,休憩,総務緊急対応,休憩,休憩,休憩,,企画指揮,,検温所テント立ち上げ,,検温所テント立ち上げ,検温所テント立ち上げ,"検温所対応
講義棟2F",検温所対応 体育館,,検温所テント立ち上げ,検温所テント立ち上げ,検温所テント立ち上げ,検温所テント立ち上げ,検温所テント立ち上げ,カメラ,"検温所対応
講義棟1F",,検温所対応 体育館,カメラ,"検温所対応
講義棟1F",検温所対応 体育館,,"検温所対応
講義棟1F",F講待機,休憩,休憩,検温所対応 体育館,,検温所対応 体育館,F講待機,F講待機,休憩,"検温所対応
講義棟1F",F講待機,"検温所対応
新講義棟1F",休憩,,音響業者・外部来場者の臨時対応,,"検温所対応
講義棟1F",検温所テント立ち上げ,F講待機,,検温所テント立ち上げ,F講待機,,,カメラ,休憩,,検温所テント立ち上げ,検温所テント立ち上げ,カメラ,休憩,休憩,F講待機,休憩,,"検温所対応
新講義棟1F",休憩,F講待機,,,休憩,F講待機,休憩,休憩,休憩,F講待機,休憩,休憩,休憩,F講待機,休憩,休憩,本部指揮補佐,本部指揮補佐,本部指揮補佐,休憩,,,F講待機,,F講待機,"検温所対応
講義棟1F",F講待機,"検温所対応
講義棟2F",休憩,休憩,F講待機,休憩,休憩,検温所対応 体育館,休憩,,4,0,6,0,0,2,0,2,6,0,0,0,0,0,0,0,12,0,0,0,0,0,16,36,0
8:30,9:00,本部指揮,本部指揮,本部指揮,参加団体窓口,参加団体緊急対応,,参加団体窓口,,物品窓口,F講待機,休憩,物品緊急対応,,休憩,物品窓口,,,休憩,休憩,休憩,休憩,休憩,休憩,休憩,総務緊急対応,休憩,休憩,休憩,,企画指揮,,休憩,,休憩,休憩,"検温所対応
講義棟2F",検温所対応 体育館,,休憩,休憩,休憩,休憩,休憩,カメラ,"検温所対応
講義棟1F",,検温所対応 体育館,カメラ,"検温所対応
講義棟1F",検温所対応 体育館,,"検温所対応
講義棟1F",F講待機,休憩,休憩,検温所対応 体育館,,検温所対応 体育館,F講待機,F講待機,休憩,"検温所対応
講義棟1F",F講待機,"検温所対応
新講義棟1F",休憩,休憩,音響業者・外部来場者の臨時対応,,"検温所対応
講義棟1F",F講待機,F講待機,,休憩,F講待機,,,カメラ,休憩,,休憩,F講待機,カメラ,休憩,休憩,F講待機,休憩,,"検温所対応
新講義棟1F",休憩,F講待機,,,休憩,F講待機,休憩,休憩,休憩,F講待機,休憩,休憩,休憩,F講待機,休憩,休憩,本部指揮補佐,本部指揮補佐,本部指揮補佐,休憩,,,F講待機,,F講待機,"検温所対応
講義棟1F",F講待機,"検温所対応
講義棟2F",休憩,休憩,F講待機,休憩,休憩,検温所対応 体育館,休憩,,4,0,6,0,0,2,0,2,6,0,0,0,0,0,0,0,0,0,0,0,0,0,18,47,0
9:00,9:30,本部指揮,本部指揮,本部指揮,開店チェック,参加団体緊急対応,,開店チェック,開店チェック,物品窓口,F講待機,開店チェック,物品緊急対応,,開店チェック,物品窓口,,,開店チェック,開店チェック,開店チェック,開店チェック(国際),開店チェック(国際),開店チェック(国際),開店チェック(国際),開店チェック,開店チェック,開店チェック,衛生対応,開店チェック,企画指揮,,休憩,,休憩,休憩,F講待機,F講待機,,休憩,休憩,休憩,休憩,休憩,休憩,"検温所対応
講義棟1F",,休憩,F講待機,休憩,検温所対応 体育館,,"検温所対応
講義棟1F",休憩,"検温所対応
講義棟1F","検温所対応
講義棟1F",検温所対応 体育館,,休憩,休憩,休憩,検温所対応 体育館,休憩,休憩,休憩,売店のチェック,休憩,音響業者・外部来場者の臨時対応,,休憩,F講待機,カメラ,,休憩,休憩,休憩,,F講待機,"検温所対応
講義棟1F",,休憩,F講待機,休憩,"検温所対応
講義棟2F",,休憩,売店のチェック,,"検温所対応
新講義棟1F","検温所対応
新講義棟1F",休憩,,,会場装飾確認,会場装飾確認,会場装飾確認,会場装飾確認,会場装飾確認,会場装飾確認,会場装飾確認,会場装飾確認,会場装飾確認,会場装飾確認,会場装飾確認,F講待機,本部指揮補佐,本部指揮補佐,本部指揮補佐,F講待機,,,休憩,,休憩,"検温所対応
講義棟1F",休憩,"検温所対応
講義棟2F",カメラ,カメラ,休憩,検温所対応 体育館,カメラ,検温所対応 体育館,検温所対応 体育館,,4,0,6,0,0,2,0,2,6,0,0,0,0,0,2,0,0,0,0,0,0,0,9,31,0
9:30,10:00,本部指揮,本部指揮,本部指揮,開店チェック,参加団体緊急対応,,開店チェック,開店チェック,物品窓口,F講待機,開店チェック,物品緊急対応,,開店チェック,物品窓口,,,開店チェック,開店チェック,開店チェック,開店チェック(国際),開店チェック(国際),開店チェック(国際),開店チェック(国際),開店チェック,開店チェック,開店チェック,衛生対応,開店チェック,企画指揮,,ポーカー準備,,ポーカー準備,麻雀大会　準備受付1,F講待機,F講待機,,ポーカー準備,麻雀大会　準備受付1,ポーカー準備,ポーカー準備,ポーカー準備,休憩,"検温所対応
講義棟1F",,休憩,F講待機,休憩,検温所対応 体育館,,"検温所対応
講義棟1F",休憩,"検温所対応
講義棟1F","検温所対応
講義棟1F",検温所対応 体育館,,休憩,休憩,休憩,検温所対応 体育館,休憩,休憩,休憩,売店のチェック,休憩,音響業者・外部来場者の臨時対応,,休憩,F講待機,カメラ,,F講待機,休憩,休憩,,F講待機,"検温所対応
講義棟1F",,,F講待機,休憩,"検温所対応
講義棟2F",,休憩,売店のチェック,,"検温所対応
新講義棟1F","検温所対応
新講義棟1F",休憩,,,休憩,休憩,F講待機,F講待機,休憩,休憩,F講待機,休憩,休憩,休憩,休憩,F講待機,本部指揮補佐,本部指揮補佐,本部指揮補佐,F講待機,,,休憩,,休憩,"検温所対応
講義棟1F",休憩,"検温所対応
講義棟2F",カメラ,カメラ,休憩,検温所対応 体育館,カメラ,検温所対応 体育館,検温所対応 体育館,,4,0,6,0,0,2,0,2,6,0,0,0,0,0,2,0,0,0,0,0,0,0,13,29,0
10:00,10:30,本部指揮,本部指揮,本部指揮,参加団体窓口,参加団体緊急対応,,参加団体窓口,休憩,物品窓口,休憩,F講待機,物品緊急対応,,麻雀受付(105),物品窓口,,,会場緊急対応,会場緊急対応,会場緊急対応,国際対応,国際対応,国際対応,国際対応,総務緊急対応,衛生対応,休憩,衛生対応,休憩,企画指揮,,ポーカー準備,,ポーカー準備,麻雀大会　準備受付1,ポーカー準備,,,ポーカー準備,麻雀大会　準備受付1,ポーカー準備,ポーカー準備,ポーカー準備,巡回1,F講待機,,F講待機,休憩,F講待機,休憩,,巡回2,"検温所対応
新講義棟1F","検温所対応
講義棟1F","検温所対応
講義棟1F",F講待機,,会場アナウンス,"検温所対応
講義棟1F",検温所対応 体育館,検温所対応 体育館,F講待機,休憩,F講待機,売店のチェック,ポーカーディーラー,音響業者・外部来場者の臨時対応,,F講待機,"検温所対応
講義棟1F",巡回1,,F講待機,"検温所対応
講義棟1F",F講待機,,休憩,"検温所対応
講義棟1F",,,検温所対応 体育館,F講待機,"検温所対応
講義棟2F",,"検温所対応
講義棟2F",売店のチェック,,休憩,"検温所対応
新講義棟1F",検温所対応 体育館,,,カメラ,麻雀受付(104),F講待機,F講待機,カメラ,休憩,F講待機,麻雀受付(104),カメラ,ポーカーディーラー,巡回2,実行委員待機場所管理,本部指揮補佐,本部指揮補佐,本部指揮補佐,実行委員待機場所管理,　,,D講義室待機,,D講義室配信対応,F講待機,休憩,カメラ,Ａ講義室配信対応,F講待機,Ａ講義室配信対応,検温所対応 体育館,F講待機,F講待機,検温所対応 体育館,,4,0,6,0,0,2,0,2,6,2,2,2,1,1,2,0,0,2,0,2,1,0,18,11,1
10:30,11:00,本部指揮,本部指揮,本部指揮,参加団体窓口,参加団体緊急対応,,参加団体窓口,休憩,物品窓口,休憩,F講待機,物品緊急対応,,麻雀受付(105),物品窓口,,,会場緊急対応,会場緊急対応,会場緊急対応,国際対応,国際対応,国際対応,国際対応,総務緊急対応,衛生対応,休憩,衛生対応,休憩,企画指揮,,ポーカー準備,,ポーカー準備,麻雀大会　準備受付1,ポーカー準備,,,ポーカー準備,麻雀大会　準備受付1,ポーカー準備,ポーカー準備,ポーカー準備,巡回1,F講待機,,F講待機,休憩,F講待機,休憩,,巡回2,"検温所対応
新講義棟1F","検温所対応
講義棟1F","検温所対応
講義棟1F",F講待機,,休憩,"検温所対応
講義棟1F",検温所対応 体育館,検温所対応 体育館,F講待機,休憩,F講待機,売店のチェック,ポーカーディーラー,音響業者・外部来場者の臨時対応,,F講待機,"検温所対応
講義棟1F",巡回1,,ストスタ,"検温所対応
講義棟1F",F講待機,,休憩,"検温所対応
講義棟1F",,,検温所対応 体育館,F講待機,"検温所対応
講義棟2F",,"検温所対応
講義棟2F",売店のチェック,,休憩,"検温所対応
新講義棟1F",検温所対応 体育館,,,カメラ,麻雀受付(104),F講待機,F講待機,カメラ,休憩,F講待機,麻雀受付(104),カメラ,ポーカーディーラー,巡回2,実行委員待機場所管理,本部指揮補佐,本部指揮補佐,本部指揮補佐,実行委員待機場所管理,　,,D講義室待機,,D講義室配信対応,F講待機,休憩,カメラ,Ａ講義室配信対応,F講待機,Ａ講義室配信対応,検温所対応 体育館,F講待機,F講待機,検温所対応 体育館,,4,0,6,0,0,2,0,2,6,2,2,2,0,1,2,0,0,2,0,2,1,0,17,12,1
11:00,11:30,本部指揮,本部指揮,本部指揮,参加団体窓口,参加団体緊急対応,,参加団体窓口,休憩,物品窓口,物品窓口,F講待機,物品緊急対応,,休憩,休憩,,,会場緊急対応,休憩,会場緊急対応,国際対応,国際対応,国際対応,休憩,総務緊急対応,衛生対応,休憩,衛生対応,休憩,企画指揮,,休憩,,ポーカー準備,麻雀大会　準備受付1,ポーカー準備,,,ポーカー準備,麻雀大会　準備受付1,ポーカー準備,休憩,休憩,休憩,休憩,,休憩,休憩,休憩,巡回1,,巡回2,"検温所対応
新講義棟1F",F講待機,休憩,休憩,,会場アナウンス,"検温所対応
講義棟1F",検温所対応 体育館,休憩,検温所対応 体育館,"検温所対応
講義棟1F","検温所対応
講義棟1F",休憩,ポーカーディーラー,音響業者・外部来場者の臨時対応,,検温所対応 体育館,"検温所対応
講義棟1F",休憩,,ストスタ,"検温所対応
講義棟1F",検温所対応 体育館,,休憩,F講待機,,,検温所対応 体育館,"検温所対応
講義棟1F",休憩,,"検温所対応
講義棟2F",休憩,,売店のチェック,休憩,検温所対応 体育館,,,休憩,麻雀受付(104),麻雀受付(104),"検温所対応
新講義棟1F",休憩,カメラ,カメラ,売店のチェック,"検温所対応
講義棟2F",ポーカーディーラー,巡回2,実行委員待機場所管理,本部指揮補佐,本部指揮補佐,本部指揮補佐,実行委員待機場所管理,　,,D講義室待機,,D講義室配信対応,休憩,休憩,休憩,巡回1,F講待機,休憩,カメラ,麻雀受付(105),カメラ,F講待機,,4,0,6,0,0,2,0,2,6,2,2,0,1,1,2,0,0,2,0,2,1,0,5,30,1
11:30,12:00,休憩,本部指揮,本部指揮,参加団体窓口,参加団体緊急対応,,参加団体窓口,休憩,物品窓口,物品窓口,休憩,物品緊急対応,,休憩,休憩,,,会場緊急対応,休憩,会場緊急対応,国際対応,巡回2,国際対応,休憩,総務緊急対応,衛生対応,休憩,衛生対応,休憩,企画指揮,,休憩,,ポーカー準備,麻雀大会　準備受付1,ポーカー準備,ポーカー準備,,休憩,麻雀大会　準備受付1,ポーカー準備,休憩,休憩,弁当受け取り,休憩,,休憩,休憩,休憩,巡回1,,休憩,"検温所対応
新講義棟1F",F講待機,休憩,休憩,,弁当受け取り,"検温所対応
講義棟1F",検温所対応 体育館,休憩,検温所対応 体育館,"検温所対応
講義棟1F","検温所対応
講義棟1F",休憩,ポーカーディーラー,音響業者・外部来場者の臨時対応,,検温所対応 体育館,"検温所対応
講義棟1F",休憩,,ストスタ,"検温所対応
講義棟1F",検温所対応 体育館,,休憩,F講待機,,,検温所対応 体育館,"検温所対応
講義棟1F",休憩,,"検温所対応
講義棟2F",休憩,,売店のチェック,休憩,検温所対応 体育館,,,休憩,休憩,麻雀受付(104),"検温所対応
新講義棟1F",休憩,カメラ,カメラ,売店のチェック,"検温所対応
講義棟2F",ポーカーディーラー,休憩,実行委員待機場所管理,休憩,本部指揮補佐,本部指揮補佐,実行委員待機場所管理,　,,D講義室待機,,D講義室配信対応,休憩,休憩,麻雀受付(104),巡回1,巡回2,休憩,カメラ,麻雀受付(105),カメラ,F講待機,,4,0,6,0,0,2,0,2,6,2,2,0,0,1,2,0,0,2,0,2,1,0,3,35,1
12:00,12:30,休憩,本部指揮,休憩,休憩,参加団体緊急対応,,休憩,参加団体窓口,休憩,物品窓口,休憩,物品緊急対応,,物品窓口,ストスタ,,,会場緊急対応,麻雀受付(105),休憩,休憩,巡回2,休憩,国際対応,総務緊急対応,検温所対応 体育館,売店のチェック,衛生対応,F講待機,企画指揮,,ポーカー準備,,休憩,麻雀大会　準備受付1,休憩,休憩,,休憩,麻雀大会　準備受付1,休憩,ポーカー準備,ポーカー準備,ケータリング受け渡し,ポーカー準備,,検温所対応 体育館,麻雀大会　受付2,カメラ,休憩,,休憩,休憩,カメラ,巡回1,休憩,,ケータリング受け渡し,F講待機,休憩,休憩,検温所対応 体育館,"検温所対応
講義棟1F","検温所対応
講義棟1F",検温所対応 体育館,ポーカーディーラー,音響業者・外部来場者の臨時対応,,検温所対応 体育館,休憩,"検温所対応
講義棟1F",,ストスタ,休憩,検温所対応 体育館,,"検温所対応
講義棟1F",休憩,,,休憩,"検温所対応
講義棟1F","検温所対応
講義棟1F",休憩,カメラ,,,休憩,"検温所対応
講義棟2F",休憩,,,巡回1,休憩,休憩,"検温所対応
新講義棟1F","検温所対応
新講義棟1F",休憩,麻雀受付(104),休憩,"検温所対応
講義棟2F",ポーカーディーラー,休憩,休憩,休憩,本部指揮補佐,休憩,実行委員待機場所管理,　,,売店のチェック,,休憩,D講義室配信対応,D講義室待機,麻雀受付(104),休憩,巡回2,カメラ,F講待機,休憩,休憩,休憩,,4,0,6,0,0,2,0,2,6,2,2,0,0,1,2,0,0,2,0,2,1,0,3,39,1
12:30,13:00,本部指揮,休憩,休憩,休憩,参加団体緊急対応,,休憩,参加団体窓口,休憩,物品窓口,休憩,物品緊急対応,,物品窓口,ストスタ,,,会場緊急対応,麻雀受付(105),休憩,休憩,国際対応,休憩,国際対応,総務緊急対応,検温所対応 体育館,売店のチェック,衛生対応,F講待機,企画指揮,,ポーカー準備,,休憩,麻雀大会　準備受付1,休憩,休憩,,巡回2,麻雀大会　準備受付1,休憩,ポーカー準備,ポーカー準備,休憩,ポーカー準備,,検温所対応 体育館,麻雀大会　受付2,カメラ,休憩,,休憩,休憩,カメラ,巡回1,麻雀受付(104),,休憩,F講待機,休憩,F講待機,検温所対応 体育館,"検温所対応
講義棟1F","検温所対応
講義棟1F",検温所対応 体育館,ポーカーディーラー,音響業者・外部来場者の臨時対応,,検温所対応 体育館,休憩,"検温所対応
講義棟1F",,ストスタ,休憩,検温所対応 体育館,,"検温所対応
講義棟1F",休憩,,,休憩,"検温所対応
講義棟1F","検温所対応
講義棟1F",休憩,カメラ,,,休憩,"検温所対応
講義棟2F",休憩,,,巡回1,巡回2,休憩,"検温所対応
新講義棟1F","検温所対応
新講義棟1F",休憩,麻雀受付(104),休憩,"検温所対応
講義棟2F",ポーカーディーラー,休憩,休憩,本部指揮補佐,休憩,休憩,実行委員待機場所管理,　,,売店のチェック,,休憩,D講義室配信対応,D講義室待機,休憩,休憩,休憩,カメラ,F講待機,休憩,休憩,休憩,,4,0,6,0,0,2,0,2,6,2,2,0,0,1,2,0,0,2,0,2,1,0,4,40,1
13:00,13:30,本部指揮,休憩,本部指揮,参加団体窓口,参加団体緊急対応,休憩,売店のチェック,参加団体窓口,F講待機,休憩,検温所対応 体育館,物品緊急対応,,物品窓口,物品窓口,,,会場緊急対応,売店のチェック,会場緊急対応,国際対応,休憩,国際対応,国際対応,総務緊急対応,休憩,麻雀受付(105),衛生対応,衛生対応,企画指揮,,ポーカー準備,,ポーカー準備,休憩,ポーカー受付,ポーカー準備,,巡回2,休憩,ポーカー準備,巡回1,ポーカー準備,休憩,ポーカー準備,,検温所対応 体育館,麻雀大会　受付2,検温所対応 体育館,"検温所対応
講義棟1F",,休憩,カメラ,休憩,カメラ,麻雀受付(104),,休憩,休憩,"検温所対応
講義棟1F",F講待機,休憩,休憩,休憩,検温所対応 体育館,休憩,音響業者・外部来場者の臨時対応,,休憩,検温所対応 体育館,"検温所対応
講義棟1F",,ストスタ,休憩,休憩,,"検温所対応
講義棟1F","検温所対応
新講義棟1F",,,カメラ,休憩,"検温所対応
講義棟1F",,休憩,F講待機,,ポーカー受付,"検温所対応
講義棟2F",,,,"検温所対応
講義棟2F",巡回2,吹部,休憩,"検温所対応
新講義棟1F","検温所対応
講義棟1F",休憩,カメラ,休憩,休憩,F講待機,実行委員待機場所管理,本部指揮補佐,休憩,本部指揮補佐,休憩,　,,休憩,,麻雀受付(104),D講義室配信対応,D講義室待機,吹部,休憩,休憩,F講待機,休憩,検温所対応 体育館,巡回1,F講待機,,4,0,6,0,0,2,0,2,6,2,2,0,0,1,2,0,0,0,2,2,1,0,6,31,1
13:30,14:00,本部指揮,本部指揮,本部指揮,参加団体窓口,参加団体緊急対応,休憩,売店のチェック,参加団体窓口,F講待機,休憩,検温所対応 体育館,物品緊急対応,,物品窓口,物品窓口,,,会場緊急対応,売店のチェック,会場緊急対応,国際対応,休憩,国際対応,国際対応,総務緊急対応,休憩,麻雀受付(105),衛生対応,衛生対応,企画指揮,,ポーカー大会,,ポーカー大会,休憩,ポーカー受付,ポーカー大会,,休憩,休憩,ポーカー大会,巡回1,ポーカー大会,ポーカー大会,ポーカー大会,,検温所対応 体育館,麻雀大会　受付2,検温所対応 体育館,"検温所対応
講義棟1F",,麻雀受付(104),カメラ,休憩,カメラ,休憩,,巡回2,休憩,"検温所対応
講義棟1F",ポーカーディーラー,休憩,休憩,休憩,検温所対応 体育館,休憩,音響業者・外部来場者の臨時対応,,休憩,検温所対応 体育館,"検温所対応
講義棟1F",,ストスタ,巡回2,休憩,,"検温所対応
講義棟1F","検温所対応
新講義棟1F",,,カメラ,休憩,"検温所対応
講義棟1F",,休憩,F講待機,,ポーカー受付,"検温所対応
講義棟2F",,,,"検温所対応
講義棟2F",休憩,吹部,休憩,"検温所対応
新講義棟1F","検温所対応
講義棟1F",休憩,カメラ,休憩,休憩,F講待機,実行委員待機場所管理,本部指揮補佐,本部指揮補佐,本部指揮補佐,休憩,　,,休憩,,麻雀受付(104),D講義室配信対応,D講義室待機,吹部,ポーカーディーラー,休憩,F講待機,休憩,検温所対応 体育館,巡回1,F講待機,,4,0,6,0,0,2,0,2,6,2,2,0,0,1,2,0,0,2,2,2,1,0,5,27,1
14:00,14:30,本部指揮,本部指揮,本部指揮,参加団体窓口,参加団体緊急対応,巡回1,F講待機,参加団体窓口,F講待機,休憩,休憩,物品緊急対応,,物品窓口,物品窓口,,,会場緊急対応,休憩,会場緊急対応,国際対応,,国際対応,国際対応,総務緊急対応,休憩,休憩,衛生対応,衛生対応,企画指揮,,ポーカー大会,,ポーカー大会,F講待機,売店のチェック,ポーカー大会,,ポーカー大会,カメラ,ポーカー大会,ポーカー大会,ポーカー大会,ポーカー大会,ポーカー大会,,カメラ,麻雀大会　受付2,検温所対応 体育館,"検温所対応
講義棟1F",,麻雀受付(104),休憩,休憩,F講待機,休憩,,巡回2,巡回1,"検温所対応
講義棟1F",ポーカーディーラー,休憩,F講待機,休憩,F講待機,カメラ,音響業者・外部来場者の臨時対応,,休憩,検温所対応 体育館,休憩,,ストスタ,巡回2,"検温所対応
講義棟2F",,休憩,"検温所対応
新講義棟1F",,,"検温所対応
講義棟1F",休憩,休憩,,麻雀受付(105),"検温所対応
講義棟1F",,休憩,F講待機,,,,"検温所対応
講義棟2F",カメラ,吹部,"検温所対応
講義棟1F",F講待機,"検温所対応
講義棟1F",検温所対応 体育館,休憩,休憩,休憩,検温所対応 体育館,実行委員待機場所管理,本部指揮補佐,本部指揮補佐,本部指揮補佐,実行委員待機場所管理,　,,D講義室待機,,休憩,休憩,休憩,吹部,ポーカーディーラー,検温所対応 体育館,D講義室配信対応,麻雀受付(104),検温所対応 体育館,"検温所対応
新講義棟1F",売店のチェック,,4,0,6,0,0,2,0,2,6,2,2,0,0,1,2,0,0,2,0,2,1,0,8,22,1
14:30,15:00,本部指揮,本部指揮,本部指揮,参加団体窓口,参加団体緊急対応,巡回1,F講待機,参加団体窓口,F講待機,F講待機,物品窓口,物品緊急対応,,休憩,物品窓口,,,会場緊急対応,休憩,会場緊急対応,国際対応,,国際対応,国際対応,総務緊急対応,休憩,休憩,衛生対応,衛生対応,企画指揮,,ポーカー大会,,ポーカー大会,F講待機,売店のチェック,ポーカー大会,,ポーカー大会,カメラ,ポーカー大会,ポーカー大会,ポーカー大会,ポーカー大会,ポーカー大会,,カメラ,麻雀大会　受付2,検温所対応 体育館,"検温所対応
講義棟1F",,休憩,休憩,巡回2,F講待機,休憩,,休憩,巡回1,"検温所対応
講義棟1F",ポーカーディーラー,休憩,F講待機,休憩,F講待機,カメラ,音響業者・外部来場者の臨時対応,,巡回2,検温所対応 体育館,休憩,,休憩,休憩,"検温所対応
講義棟2F",,休憩,"検温所対応
新講義棟1F",,,"検温所対応
講義棟1F",休憩,麻雀受付(104),,麻雀受付(105),"検温所対応
講義棟1F",,休憩,F講待機,,,,"検温所対応
講義棟2F",カメラ,吹部,"検温所対応
講義棟1F",F講待機,"検温所対応
講義棟1F",検温所対応 体育館,休憩,休憩,休憩,検温所対応 体育館,実行委員待機場所管理,本部指揮補佐,本部指揮補佐,本部指揮補佐,実行委員待機場所管理,　,,D講義室待機,,休憩,休憩,休憩,吹部,ポーカーディーラー,検温所対応 体育館,D講義室配信対応,麻雀受付(104),検温所対応 体育館,"検温所対応
新講義棟1F",売店のチェック,,4,0,6,0,0,2,0,2,6,2,2,0,0,1,2,0,0,2,0,2,1,0,9,22,1
15:00,15:30,本部指揮,本部指揮,本部指揮,参加団体窓口,参加団体緊急対応,参加団体窓口,参加団体窓口,麻雀受付(105),休憩,F講待機,物品窓口,物品緊急対応,,カメラ,物品窓口,,,会場緊急対応,会場緊急対応,会場緊急対応,国際対応,,国際対応,国際対応,総務緊急対応,休憩,休憩,衛生対応,衛生対応,企画指揮,,ポーカー大会,,ポーカー大会,麻雀大会　受付2,売店のチェック,ポーカー大会,,ポーカー大会,休憩,ポーカー大会,ポーカー大会,ポーカー大会,ポーカー大会,ポーカー大会,,F講待機,麻雀大会　受付2,F講待機,F講待機,,休憩,休憩,巡回2,麻雀受付(104),カメラ,,休憩,検温所対応 体育館,F講待機,巡回1,休憩,検温所対応 体育館,休憩,休憩,休憩,音響業者・外部来場者の臨時対応,,巡回2,F講待機,"検温所対応
講義棟1F",,休憩,休憩,"検温所対応
講義棟2F",,"検温所対応
講義棟1F",カメラ,,,"検温所対応
講義棟1F",F講待機,麻雀受付(104),,F講待機,"検温所対応
講義棟1F",,"検温所対応
講義棟1F",休憩,,,休憩,F講待機,検温所対応 体育館,吹部,"検温所対応
講義棟1F","検温所対応
講義棟2F",F講待機,検温所対応 体育館,"検温所対応
新講義棟1F",F講待機,F講待機,検温所対応 体育館,実行委員待機場所管理,本部指揮補佐,本部指揮補佐,本部指揮補佐,実行委員待機場所管理,　,,D講義室待機,,巡回1,休憩,カメラ,吹部,F講待機,検温所対応 体育館,D講義室配信対応,休憩,F講待機,"検温所対応
新講義棟1F",売店のチェック,,4,0,6,0,0,2,0,2,6,2,2,0,0,1,2,0,0,0,0,2,1,0,14,17,1
15:30,16:00,本部指揮,本部指揮,本部指揮,参加団体窓口,参加団体緊急対応,参加団体窓口,参加団体窓口,麻雀受付(105),休憩,F講待機,物品窓口,物品緊急対応,,カメラ,物品窓口,,,会場緊急対応,会場緊急対応,会場緊急対応,国際対応,,国際対応,国際対応,総務緊急対応,休憩,休憩,衛生対応,衛生対応,企画指揮,,ポーカー大会,,ポーカー大会,麻雀大会　受付2,売店のチェック,ポーカー大会,,ポーカー大会,休憩,ポーカー大会,ポーカー大会,ポーカー大会,ポーカー大会,ポーカー大会,,F講待機,麻雀大会　受付2,F講待機,F講待機,,休憩,休憩,巡回2,麻雀受付(104),カメラ,,休憩,検温所対応 体育館,F講待機,巡回1,休憩,検温所対応 体育館,休憩,休憩,休憩,音響業者・外部来場者の臨時対応,,巡回2,F講待機,"検温所対応
講義棟1F",,休憩,休憩,"検温所対応
講義棟2F",,"検温所対応
講義棟1F",カメラ,,,"検温所対応
講義棟1F",F講待機,麻雀受付(104),,F講待機,"検温所対応
講義棟1F",,"検温所対応
講義棟1F",休憩,,,休憩,F講待機,検温所対応 体育館,吹部,"検温所対応
講義棟1F","検温所対応
講義棟2F",F講待機,検温所対応 体育館,"検温所対応
新講義棟1F",F講待機,F講待機,検温所対応 体育館,実行委員待機場所管理,本部指揮補佐,本部指揮補佐,本部指揮補佐,実行委員待機場所管理,　,,D講義室待機,,巡回1,休憩,カメラ,吹部,F講待機,検温所対応 体育館,D講義室配信対応,休憩,F講待機,"検温所対応
新講義棟1F",売店のチェック,,4,0,6,0,0,2,0,2,6,2,2,0,0,1,2,0,0,0,0,2,1,0,14,17,1
16:00,16:30,本部指揮,本部指揮,本部指揮,閉店チェック,参加団体緊急対応,閉店チェック,閉店チェック,閉店チェック,休憩,F講待機,物品窓口,物品緊急対応,,F講待機,物品窓口,,,会場緊急対応,閉店チェック,閉店チェック,閉店チェック(国際),,閉店チェック(国際),閉店チェック(国際),閉店チェック,閉店チェック,閉店チェック,衛生対応,閉店チェック,企画指揮,,ヒーローショー,,ポーカー大会,休憩,F講待機,ヒーローショー,,ヒーローショー,ヒーローショー,ヒーローショー,ヒーローショー,ヒーローショー,ヒーローショー,休憩,,休憩,ヒーローショー,ヒーローショー,休憩,,F講待機,F講待機,ヒーローショー,休憩,F講待機,,F講待機,検温所対応 体育館,休憩,休憩,F講待機,検温所対応 体育館,F講待機,休憩,"検温所対応
講義棟2F",音響業者・外部来場者の臨時対応,,F講待機,休憩,"検温所対応
講義棟1F",,"検温所対応
講義棟1F",F講待機,休憩,,"検温所対応
講義棟1F",休憩,,,F講待機,検温所対応 体育館,F講待機,,ゴミ集積場管理(講義棟),休憩,,"検温所対応
講義棟1F",ゴミ集積場管理(講義棟),,,検温所対応 体育館,"検温所対応
講義棟1F",検温所対応 体育館,ドキュメンタリー撮影,カメラ,"検温所対応
講義棟2F",休憩,F講待機,"検温所対応
新講義棟1F","検温所対応
新講義棟1F",ドキュメンタリー撮影,カメラ,実行委員待機場所管理,本部指揮補佐,本部指揮補佐,本部指揮補佐,実行委員待機場所管理,　,,休憩,,"検温所対応
講義棟1F",D講義室待機,休憩,F講待機,検温所対応 体育館,F講待機,休憩,D講義室配信対応,休憩,F講待機,F講待機,,2,2,6,0,0,2,0,2,6,0,0,0,0,1,0,2,0,0,0,0,0,0,18,18,1
16:30,17:00,本部指揮,本部指揮,本部指揮,閉店チェック,参加団体緊急対応,閉店チェック,閉店チェック,閉店チェック,休憩,F講待機,物品窓口,物品緊急対応,,F講待機,物品窓口,,,会場緊急対応,閉店チェック,閉店チェック,閉店チェック(国際),,閉店チェック(国際),閉店チェック(国際),閉店チェック,閉店チェック,閉店チェック,衛生対応,閉店チェック,企画指揮,,ヒーローショー,,休憩,休憩,F講待機,ヒーローショー,,ヒーローショー,ヒーローショー,ヒーローショー,ヒーローショー,ヒーローショー,ヒーローショー,休憩,,休憩,ヒーローショー,ヒーローショー,休憩,,F講待機,F講待機,ヒーローショー,休憩,F講待機,,F講待機,検温所対応 体育館,休憩,休憩,F講待機,検温所対応 体育館,F講待機,休憩,"検温所対応
講義棟2F",音響業者・外部来場者の臨時対応,,F講待機,休憩,"検温所対応
講義棟1F",,"検温所対応
講義棟1F",F講待機,休憩,,"検温所対応
講義棟1F",休憩,,,F講待機,検温所対応 体育館,F講待機,,ゴミ集積場管理(講義棟),休憩,,"検温所対応
講義棟1F",ゴミ集積場管理(講義棟),,,検温所対応 体育館,"検温所対応
講義棟1F",検温所対応 体育館,ドキュメンタリー撮影,カメラ,"検温所対応
講義棟2F",休憩,F講待機,"検温所対応
新講義棟1F","検温所対応
新講義棟1F",ドキュメンタリー撮影,カメラ,実行委員待機場所管理,本部指揮補佐,本部指揮補佐,本部指揮補佐,実行委員待機場所管理,　,,休憩,,"検温所対応
講義棟1F",D講義室待機,休憩,F講待機,検温所対応 体育館,F講待機,休憩,D講義室配信対応,休憩,F講待機,F講待機,,2,2,6,0,0,2,0,2,6,0,0,0,0,1,0,2,0,0,0,0,0,0,18,19,1
17:00,17:30,本部指揮,本部指揮,本部指揮,参加団体窓口,参加団体緊急対応,参加団体窓口,休憩,休憩,休憩,休憩,休憩,物品緊急対応,,F講待機,休憩,,,会場緊急対応,休憩,休憩,国際対応,,国際対応,国際対応,総務緊急対応,休憩,休憩,衛生対応,休憩,企画指揮,,ヒーローショー,,休憩,検温所対応 体育館,休憩,ヒーローショー,,ヒーローショー,ヒーローショー,ヒーローショー,ヒーローショー,ヒーローショー,ヒーローショー,ゲーム　マルチメディア準備,,ゲーム　マルチメディア準備,ヒーローショー,ヒーローショー,検温所対応 体育館,,ご飯準備・管理・片付け 夜ごはん,ご飯準備・管理・片付け 夜ごはん,ヒーローショー,ご飯準備・管理・片付け 夜ごはん,ご飯準備・管理・片付け 夜ごはん,　,会場アナウンス,弁当受け取り,弁当受け取り,F講待機,ご飯準備・管理・片付け 夜ごはん,ご飯準備・管理・片付け 夜ごはん,ご飯準備・管理・片付け 夜ごはん,弁当受け取り,ご飯準備・管理・片付け 夜ごはん,音響業者・外部来場者の臨時対応,,休憩,ドキュメンタリー撮影,F講待機,,カメラ,検温所対応 体育館,F講待機,,F講待機,休憩,,,休憩,検温所対応 体育館,休憩,休憩,ゴミ集積場管理(講義棟),休憩,,ドキュメンタリー撮影,ゴミ集積場管理(講義棟),,,検温所対応 体育館,休憩,休憩,休憩,休憩,休憩,休憩,F講待機,休憩,休憩,休憩,休憩,実行委員待機場所管理,本部指揮補佐,本部指揮補佐,本部指揮補佐,実行委員待機場所管理,　,,休憩,,ゲーム　マルチメディア準備,D講義室待機,ゲーム　マルチメディア準備,休憩,検温所対応 体育館,休憩,休憩,D講義室配信対応,休憩,休憩,カメラ,,2,2,0,0,0,0,0,0,6,0,0,0,1,1,0,2,0,0,0,0,0,0,6,35,2
17:30,18:00,本部指揮,本部指揮,本部指揮,参加団体窓口,参加団体緊急対応,参加団体窓口,休憩,休憩,休憩,休憩,休憩,物品緊急対応,,F講待機,休憩,,,会場緊急対応,休憩,休憩,国際対応,,国際対応,国際対応,総務緊急対応,休憩,休憩,衛生対応,休憩,企画指揮,,休憩,,休憩,検温所対応 体育館,休憩,休憩,,F講待機,休憩,休憩,休憩,休憩,休憩,ゲーム　マルチメディア準備,,ゲーム　マルチメディア準備,休憩,休憩,検温所対応 体育館,,ご飯準備・管理・片付け 夜ごはん,ご飯準備・管理・片付け 夜ごはん,休憩,ご飯準備・管理・片付け 夜ごはん,ご飯準備・管理・片付け 夜ごはん,　,休憩,ご飯準備・管理・片付け 夜ごはん,ご飯準備・管理・片付け 夜ごはん,F講待機,ご飯準備・管理・片付け 夜ごはん,ご飯準備・管理・片付け 夜ごはん,ご飯準備・管理・片付け 夜ごはん,ご飯準備・管理・片付け 夜ごはん,ご飯準備・管理・片付け 夜ごはん,音響業者・外部来場者の臨時対応,,休憩,ドキュメンタリー撮影,F講待機,,カメラ,検温所対応 体育館,F講待機,,F講待機,休憩,,,休憩,検温所対応 体育館,休憩,休憩,休憩,休憩,,ドキュメンタリー撮影,休憩,,,検温所対応 体育館,会場装飾見回り,会場装飾見回り,会場装飾見回り,会場装飾見回り,会場装飾見回り,会場装飾見回り,会場装飾見回り,会場装飾見回り,会場装飾見回り,会場装飾見回り,会場装飾見回り,実行委員待機場所管理,本部指揮補佐,本部指揮補佐,本部指揮補佐,実行委員待機場所管理,　,,休憩,,ゲーム　マルチメディア準備,D講義室待機,ゲーム　マルチメディア準備,休憩,検温所対応 体育館,休憩,休憩,D講義室配信対応,休憩,休憩,カメラ,,2,2,0,0,0,0,0,0,6,0,0,0,0,1,0,0,0,0,0,0,0,0,6,38,2
18:00,18:30,本部指揮,本部指揮,本部指揮,参加団体窓口,参加団体緊急対応,参加団体窓口,夕食,夕食,物品最終確認,物品最終確認,物品最終確認,物品緊急対応,,物品最終確認,物品最終確認,,,夕食,夕食,夕食,夕食,,夕食,夕食,総務緊急対応,夕食,夕食,夕食,夕食,企画指揮,,休憩,,F講待機,検温所対応 体育館,休憩,休憩,,F講待機,休憩,カメラ,ドキュメンタリー撮影,カメラ,休憩,ゲーム　マルチメディア準備,,ゲーム　マルチメディア準備,F講待機,休憩,検温所対応 体育館,,ご飯準備・管理・片付け 夜ごはん,ご飯準備・管理・片付け 夜ごはん,休憩,ご飯準備・管理・片付け 夜ごはん,ご飯準備・管理・片付け 夜ごはん,　,休憩,ご飯準備・管理・片付け 夜ごはん,ご飯準備・管理・片付け 夜ごはん,カメラ,ご飯準備・管理・片付け 夜ごはん,ご飯準備・管理・片付け 夜ごはん,ご飯準備・管理・片付け 夜ごはん,ご飯準備・管理・片付け 夜ごはん,ご飯準備・管理・片付け 夜ごはん,音響業者・外部来場者の臨時対応,,休憩,休憩,休憩,,休憩,検温所対応 体育館,,,休憩,F講待機,,,休憩,検温所対応 体育館,休憩,休憩,休憩,F講待機,,F講待機,休憩,,,検温所対応 体育館,会場装飾見回り,会場装飾見回り,会場装飾見回り,会場装飾見回り,会場装飾見回り,会場装飾見回り,会場装飾見回り,会場装飾見回り,会場装飾見回り,会場装飾見回り,会場装飾見回り,休憩,本部指揮補佐,本部指揮補佐,本部指揮補佐,休憩,,,F講待機,,ゲーム　マルチメディア準備,休憩,ゲーム　マルチメディア準備,休憩,検温所対応 体育館,休憩,F講待機,休憩,F講待機,休憩,休憩,,3,1,0,0,0,0,0,0,6,0,0,0,0,0,0,0,0,0,0,0,0,0,9,26,1
18:30,19:00,本部指揮,本部指揮,本部指揮,参加団体窓口,参加団体緊急対応,参加団体窓口,夕食,夕食,物品最終確認,物品最終確認,物品最終確認,物品緊急対応,,物品最終確認,物品最終確認,,,夕食,夕食,夕食,夕食,,夕食,夕食,総務緊急対応,夕食,夕食,夕食,夕食,企画指揮,,休憩,,F講待機,休憩,休憩,休憩,,F講待機,休憩,カメラ,ドキュメンタリー撮影,カメラ,休憩,ゲーム　マルチメディア準備,,ゲーム　マルチメディア準備,F講待機,休憩,休憩,,ご飯準備・管理・片付け 夜ごはん,ご飯準備・管理・片付け 夜ごはん,休憩,ご飯準備・管理・片付け 夜ごはん,ご飯準備・管理・片付け 夜ごはん,　,休憩,ご飯準備・管理・片付け 夜ごはん,ご飯準備・管理・片付け 夜ごはん,カメラ,ご飯準備・管理・片付け 夜ごはん,ご飯準備・管理・片付け 夜ごはん,ご飯準備・管理・片付け 夜ごはん,ご飯準備・管理・片付け 夜ごはん,ご飯準備・管理・片付け 夜ごはん,音響業者・外部来場者の臨時対応,,休憩,休憩,休憩,,休憩,休憩,,,休憩,F講待機,,,休憩,休憩,休憩,休憩,休憩,F講待機,,F講待機,休憩,,,休憩,会場装飾見回り,会場装飾見回り,会場装飾見回り,会場装飾見回り,会場装飾見回り,会場装飾見回り,会場装飾見回り,会場装飾見回り,会場装飾見回り,会場装飾見回り,会場装飾見回り,休憩,本部指揮補佐,本部指揮補佐,本部指揮補佐,休憩,,,F講待機,,ゲーム　マルチメディア準備,休憩,ゲーム　マルチメディア準備,休憩,休憩,休憩,F講待機,休憩,F講待機,休憩,休憩,,3,1,0,0,0,0,0,0,0,0,0,0,0,0,0,0,0,0,0,0,0,0,9,32,1
19:00,19:30,本部指揮,本部指揮,本部指揮,夕食,夕食,夕食,屋内巡回,屋内巡回,夕食,夕食,夕食,夕食,,夕食,,,,屋内巡回,,屋内巡回,屋内巡回,,屋内巡回,屋内巡回,夕食,屋内巡回,屋内巡回,屋内巡回,,夕食,,夕食,,夕食,夕食,夕食,夕食,,夕食,夕食,夕食,夕食,夕食,夕食,夕食,,夕食,夕食,夕食,夕食,,ご飯準備・管理・片付け 夜ごはん,ご飯準備・管理・片付け 夜ごはん,夕食,ご飯準備・管理・片付け 夜ごはん,ご飯準備・管理・片付け 夜ごはん,　,夕食,ご飯準備・管理・片付け 夜ごはん,ご飯準備・管理・片付け 夜ごはん,夕食,ご飯準備・管理・片付け 夜ごはん,ご飯準備・管理・片付け 夜ごはん,ご飯準備・管理・片付け 夜ごはん,ご飯準備・管理・片付け 夜ごはん,ご飯準備・管理・片付け 夜ごはん,夕食,,夕食,夕食,夕食,,夕食,夕食,,,夕食,夕食,,,夕食,夕食,夕食,夕食,夕食,夕食,,夕食,夕食,夕食,,夕食,夕食,夕食,夕食,夕食,夕食,夕食,夕食,夕食,夕食,夕食,夕食,夕食,夕食,夕食,夕食,夕食,,,夕食,,夕食,夕食,夕食,夕食,夕食,夕食,夕食,夕食,夕食,夕食,夕食,,0,0,0,0,0,0,0,0,0,0,0,0,0,0,0,0,0,0,0,0,0,0,0,0,1
19:30,20:00,本部指揮,本部指揮,本部指揮,夕食,夕食,夕食,屋内巡回,屋内巡回,夕食,夕食,夕食,夕食,,夕食,,,,屋内巡回,,屋内巡回,屋内巡回,,屋内巡回,屋内巡回,夕食,屋内巡回,屋内巡回,屋内巡回,,夕食,,夕食,,夕食,夕食,夕食,夕食,,夕食,夕食,夕食,夕食,夕食,夕食,夕食,,夕食,夕食,夕食,夕食,,ご飯準備・管理・片付け 夜ごはん,ご飯準備・管理・片付け 夜ごはん,夕食,ご飯準備・管理・片付け 夜ごはん,ご飯準備・管理・片付け 夜ごはん,　,夕食,ご飯準備・管理・片付け 夜ごはん,ご飯準備・管理・片付け 夜ごはん,夕食,ご飯準備・管理・片付け 夜ごはん,ご飯準備・管理・片付け 夜ごはん,ご飯準備・管理・片付け 夜ごはん,ご飯準備・管理・片付け 夜ごはん,ご飯準備・管理・片付け 夜ごはん,夕食,,夕食,夕食,夕食,,夕食,夕食,,,夕食,夕食,,,夕食,夕食,夕食,夕食,夕食,夕食,,夕食,夕食,夕食,,夕食,夕食,夕食,夕食,夕食,夕食,夕食,夕食,夕食,夕食,夕食,夕食,夕食,夕食,夕食,夕食,夕食,,,夕食,,夕食,夕食,夕食,夕食,夕食,夕食,夕食,夕食,夕食,夕食,夕食,,0,0,0,0,0,0,0,0,0,0,0,0,0,0,0,0,0,0,0,0,0,0,0,0,1
20:00,20:30,本部指揮,本部指揮,本部指揮,施錠,施錠,施錠,,,,,,,,,,,,,,,,,,,,,,,,,,,,,,,,,,,,,,,,,,,,,,洗濯,,,,,　,,洗濯,,,,洗濯,,,,,,ゴミ収集,,,,ゴミ収集,,,,,,,,,,,,,,,,,,,ゴミ収集,,,,,,,,,,,,,本部指揮補佐,本部指揮補佐,本部指揮補佐,,,,,,,,,,,,,,,,,,0,0,0,0,0,0,0,0,0,0,0,0,0,0,0,0,0,0,0,0,0,3,0,0,1
20:30,21:00,本部指揮,本部指揮,本部指揮,施錠,施錠,施錠,,,,,,,,,,,,,,,,,,,,,,,,,,,,,,,,,,,,,,,,,,,,,,洗濯,,,,,,,洗濯,,,,洗濯,,,,,,,,,,,,,,,,,,,,,,,,,,,,,,,,,,,,,,,,,,本部指揮補佐,本部指揮補佐,本部指揮補佐,,,,,,,,,,,,,,,,,,0,0,0,0,0,0,0,0,0,0,0,0,0,0,0,0,0,0,0,0,0,0,0,0,0
21:00,21:30,本部指揮,本部指揮,本部指揮,,,,,,,,,,,,,,,,,,,,,,,,,,,,,,,,,,,,,,,,,,,,,,,,,,,,,,,,,,,,,,,,,,,,,,,,,,,,,,,,,,,,,,,,,,,,,,,,,,,,,,本部指揮補佐,本部指揮補佐,本部指揮補佐,,,,,,,,,,,,,,,,,,0,0,0,0,0,0,0,0,0,0,0,0,0,0,0,0,0,0,0,0,0,0,0,0,0
21:30,22:00,本部指揮,本部指揮,本部指揮,,,,,,,,,,,,,,,,,,,,,,,,,,,,,,,,,,,,,,,,,,,,,,,,,,,,,,,,,,,,,,,,,,,,,,,,,,,,,,,,,,,,,,,,,,,,,,,,,,,,,,本部指揮補佐,本部指揮補佐,本部指揮補佐,,,,,,,,,,,,,,,,,,0,0,0,0,0,0,0,0,0,0,0,0,0,0,0,0,0,0,0,0,0,0,0,0,0
22:00,22:30,執行部MT,執行部MT,執行部MT,,,,,,,,,,,,,,,,,,,,,,,,,,,執行部MT,,,,,,,,,,,,,,,,,,,,執行部MT,,,,,,,,,,,,,,,,,執行部MT,,,,,,,,,,,,,,,,,,,,,,,,,,執行部MT,,,,,,,,,,,執行部MT,,,,,,,,,,,,,,,,,,,,,,,,,,,,,,,,,,,,,,,,,,,,,
22:30,23:00,執行部MT,執行部MT,執行部MT,,,,,,,,,,,,,,,,,,,,,,,,,,,執行部MT,,,,,,,,,,,,,,,,,,,,執行部MT,,,,,,,,,,,,,,,,,執行部MT,,,,,,,,,,,,,,,,,,,,,,,,,,執行部MT,,,,,,,,,,,執行部MT,,,,,,,,,,,,,,,,,,,,,,,,,,,,,,,,,,,,,,,,,,,,,